"","class","rank","dataSetID","dataSetName","inGroups","pValue","Bonferroni","FDR","nCommonGenes","fracOfEffectiveClassSize","expectedFracOfEffectiveClassSize","enrichmentRatio","classSize","effectiveClassSize","fracOfEffectiveSetSize","effectiveSetSize","shortDataSetName","overlapGenes"
"1","blue",1,"GO:0007623","circadian rhythm","GO|GO.BP|GO",1.26036403101308e-09,0.000120489541000819,8.48517894371967e-07,15,0.0480769230769231,0.00775401069518717,6.20026525198939,312,312,0.517241379310345,29,"circadian rhythm","30271 (nr1d2b)|58107 (per3)|140633 (per2)|402815 (nr1d2a)|406204 (per1b)|431765 (nfil3-6)|494487 (nr1d1)|563771 (bhlhe41)|563926 (per1a)|564009 (ciarta)|564531 (si:ch211-132b12.7)|572044 (nocta)|100003956 (cry1a)|100535864 (cipca)|101883257 (cipcb)"
"2","blue",2,"GO:0048511","rhythmic process","GO|GO.BP|GO",7.28428116928375e-09,0.000696369995502357,4.46391022757921e-06,15,0.0480769230769231,0.00855614973262032,5.61899038461539,312,312,0.46875,32,"rhythmic process","30271 (nr1d2b)|58107 (per3)|140633 (per2)|402815 (nr1d2a)|406204 (per1b)|431765 (nfil3-6)|494487 (nr1d1)|563771 (bhlhe41)|563926 (per1a)|564009 (ciarta)|564531 (si:ch211-132b12.7)|572044 (nocta)|100003956 (cry1a)|100535864 (cipca)|101883257 (cipcb)"
"3","blue",3,"GO:0032922","circadian regulation of gene expression","GO|GO.BP|GO",1.05313195601964e-08,0.00100678361863521,6.17658661739395e-06,10,0.032051282051282,0.00374331550802139,8.56227106227106,312,312,0.714285714285714,14,"circadian regulation of gene expression","58107 (per3)|140633 (per2)|402815 (nr1d2a)|406204 (per1b)|431765 (nfil3-6)|494487 (nr1d1)|563771 (bhlhe41)|563926 (per1a)|564009 (ciarta)|572044 (nocta)"
"4","blue",4,"GO:0042752","regulation of circadian rhythm","GO|GO.BP|GO",2.92724991224796e-08,0.00279842164360993,1.59001229750564e-05,10,0.032051282051282,0.00401069518716578,7.99145299145299,312,312,0.666666666666667,15,"regulation of circadian rhythm","30271 (nr1d2b)|58107 (per3)|140633 (per2)|406204 (per1b)|494487 (nr1d1)|563926 (per1a)|564531 (si:ch211-132b12.7)|100003956 (cry1a)|100535864 (cipca)|101883257 (cipcb)"
"5","blue",5,"GO:0045892","negative regulation of transcription, DNA-templated","GO|GO.BP|GO",4.56363323232976e-08,0.00436278773377493,2.27228527800778e-05,19,0.0608974358974359,0.0149732620320856,4.06707875457875,312,312,0.339285714285714,56,"negative regulation of transcription, DNA-templated","30271 (nr1d2b)|58107 (per3)|83774 (cry2)|140633 (per2)|406204 (per1b)|494487 (nr1d1)|554836 (cry1b)|560341 (mych)|563771 (bhlhe41)|563926 (per1a)|564009 (ciarta)|564531 (si:ch211-132b12.7)|565508 (loxl2a)|565909 (erfl3)|567154 (sox6)|641576 (zgc:122979)|100003956 (cry1a)|100535864 (cipca)|101883257 (cipcb)"
"6","blue",6,"GO:0051253","negative regulation of RNA metabolic process","GO|GO.BP|GO",4.56363323232976e-08,0.00436278773377493,2.27228527800778e-05,19,0.0608974358974359,0.0149732620320856,4.06707875457875,312,312,0.339285714285714,56,"negative regulation of RNA metabolic process","30271 (nr1d2b)|58107 (per3)|83774 (cry2)|140633 (per2)|406204 (per1b)|494487 (nr1d1)|554836 (cry1b)|560341 (mych)|563771 (bhlhe41)|563926 (per1a)|564009 (ciarta)|564531 (si:ch211-132b12.7)|565508 (loxl2a)|565909 (erfl3)|567154 (sox6)|641576 (zgc:122979)|100003956 (cry1a)|100535864 (cipca)|101883257 (cipcb)"
"7","blue",7,"GO:1902679","negative regulation of RNA biosynthetic process","GO|GO.BP|GO",4.56363323232976e-08,0.00436278773377493,2.27228527800778e-05,19,0.0608974358974359,0.0149732620320856,4.06707875457875,312,312,0.339285714285714,56,"negative regulation of RNA biosynthetic process","30271 (nr1d2b)|58107 (per3)|83774 (cry2)|140633 (per2)|406204 (per1b)|494487 (nr1d1)|554836 (cry1b)|560341 (mych)|563771 (bhlhe41)|563926 (per1a)|564009 (ciarta)|564531 (si:ch211-132b12.7)|565508 (loxl2a)|565909 (erfl3)|567154 (sox6)|641576 (zgc:122979)|100003956 (cry1a)|100535864 (cipca)|101883257 (cipcb)"
"8","blue",8,"GO:1903507","negative regulation of nucleic acid-templated transcription","GO|GO.BP|GO",4.56363323232976e-08,0.00436278773377493,2.27228527800778e-05,19,0.0608974358974359,0.0149732620320856,4.06707875457875,312,312,0.339285714285714,56,"negative regulation of nucleic acid-templated transcription","30271 (nr1d2b)|58107 (per3)|83774 (cry2)|140633 (per2)|406204 (per1b)|494487 (nr1d1)|554836 (cry1b)|560341 (mych)|563771 (bhlhe41)|563926 (per1a)|564009 (ciarta)|564531 (si:ch211-132b12.7)|565508 (loxl2a)|565909 (erfl3)|567154 (sox6)|641576 (zgc:122979)|100003956 (cry1a)|100535864 (cipca)|101883257 (cipcb)"
"9","blue",9,"GO:0009890","negative regulation of biosynthetic process","GO|GO.BP|GO",1.70907738303242e-07,0.0163386088740517,7.2294729531202e-05,20,0.0641025641025641,0.0176470588235294,3.63247863247863,312,312,0.303030303030303,66,"negative regulation of biosynthetic process","30271 (nr1d2b)|58107 (per3)|83774 (cry2)|140633 (per2)|335863 (itm2cb)|406204 (per1b)|494487 (nr1d1)|554836 (cry1b)|560341 (mych)|563771 (bhlhe41)|563926 (per1a)|564009 (ciarta)|564531 (si:ch211-132b12.7)|565508 (loxl2a)|565909 (erfl3)|567154 (sox6)|641576 (zgc:122979)|100003956 (cry1a)|100535864 (cipca)|101883257 (cipcb)"
"10","blue",10,"GO:0010558","negative regulation of macromolecule biosynthetic process","GO|GO.BP|GO",1.70907738303242e-07,0.0163386088740517,7.2294729531202e-05,20,0.0641025641025641,0.0176470588235294,3.63247863247863,312,312,0.303030303030303,66,"negative regulation of macromolecule biosynthetic process","30271 (nr1d2b)|58107 (per3)|83774 (cry2)|140633 (per2)|335863 (itm2cb)|406204 (per1b)|494487 (nr1d1)|554836 (cry1b)|560341 (mych)|563771 (bhlhe41)|563926 (per1a)|564009 (ciarta)|564531 (si:ch211-132b12.7)|565508 (loxl2a)|565909 (erfl3)|567154 (sox6)|641576 (zgc:122979)|100003956 (cry1a)|100535864 (cipca)|101883257 (cipcb)"
"11","brown",1,"GO:0000502","proteasome complex","GO|GO.CC|GO",2.4686354277622e-31,2.35999078258638e-26,5.89997695646595e-27,33,0.115789473684211,0.0106951871657754,10.8263157894737,286,285,0.825,40,"proteasome complex","30387 (psmb5)|30388 (psmb6)|64278 (psmb7)|171585 (psma6a)|321585 (psmc6)|322265 (psmd11b)|326687 (psma4)|326884 (psmc4)|327330 (psmd7)|393261 (psmd6)|393536 (rad23b)|393544 (psmd3)|393922 (psmd13)|393941 (psmc2)|403011 (psma5)|403015 (si:rp71-45k5.4)|406445 (psma8)|415181 (psmc1b)|415202 (psmd4a)|415221 (psmd8)|436862 (psma6b)|436882 (psmb2)|445033 (psma1)|445285 (psmc5)|445413 (psmb1)|503934 (psmd11a)|550499 (psmb4)|554967 (psmd1)|560338 (elp2)|564370 (psma3)|573095 (psmb3)|796450 (adrm1)|799058 (psmd14)"
"12","brown",2,"GO:1905368","peptidase complex","GO|GO.CC|GO",2.4686354277622e-31,2.35999078258638e-26,5.89997695646595e-27,33,0.115789473684211,0.0106951871657754,10.8263157894737,286,285,0.825,40,"peptidase complex","30387 (psmb5)|30388 (psmb6)|64278 (psmb7)|171585 (psma6a)|321585 (psmc6)|322265 (psmd11b)|326687 (psma4)|326884 (psmc4)|327330 (psmd7)|393261 (psmd6)|393536 (rad23b)|393544 (psmd3)|393922 (psmd13)|393941 (psmc2)|403011 (psma5)|403015 (si:rp71-45k5.4)|406445 (psma8)|415181 (psmc1b)|415202 (psmd4a)|415221 (psmd8)|436862 (psma6b)|436882 (psmb2)|445033 (psma1)|445285 (psmc5)|445413 (psmb1)|503934 (psmd11a)|550499 (psmb4)|554967 (psmd1)|560338 (elp2)|564370 (psma3)|573095 (psmb3)|796450 (adrm1)|799058 (psmd14)"
"13","brown",3,"GO:1905369","endopeptidase complex","GO|GO.CC|GO",2.4686354277622e-31,2.35999078258638e-26,5.89997695646595e-27,33,0.115789473684211,0.0106951871657754,10.8263157894737,286,285,0.825,40,"endopeptidase complex","30387 (psmb5)|30388 (psmb6)|64278 (psmb7)|171585 (psma6a)|321585 (psmc6)|322265 (psmd11b)|326687 (psma4)|326884 (psmc4)|327330 (psmd7)|393261 (psmd6)|393536 (rad23b)|393544 (psmd3)|393922 (psmd13)|393941 (psmc2)|403011 (psma5)|403015 (si:rp71-45k5.4)|406445 (psma8)|415181 (psmc1b)|415202 (psmd4a)|415221 (psmd8)|436862 (psma6b)|436882 (psmb2)|445033 (psma1)|445285 (psmc5)|445413 (psmb1)|503934 (psmd11a)|550499 (psmb4)|554967 (psmd1)|560338 (elp2)|564370 (psma3)|573095 (psmb3)|796450 (adrm1)|799058 (psmd14)"
"14","brown",4,"GO:0006511","ubiquitin-dependent protein catabolic process","GO|GO.BP|GO",5.75014467799201e-30,5.49708081071358e-25,1.09941616214272e-25,42,0.147368421052632,0.0189839572192513,7.76278724981468,286,285,0.591549295774648,71,"ubiquitin-dependent protein catabolic process","30387 (psmb5)|30388 (psmb6)|64278 (psmb7)|171585 (psma6a)|321585 (psmc6)|322265 (psmd11b)|324855 (plaa)|325631 (usp24)|326687 (psma4)|327330 (psmd7)|327447 (nploc4)|335736 (usp14)|393261 (psmd6)|393331 (ubl7b)|393536 (rad23b)|393544 (psmd3)|393922 (psmd13)|403011 (psma5)|403015 (si:rp71-45k5.4)|405805 (trib3)|406445 (psma8)|406618 (usp5)|415202 (psmd4a)|415221 (psmd8)|436862 (psma6b)|436882 (psmb2)|445033 (psma1)|445285 (psmc5)|445413 (psmb1)|449927 (usp4)|492805 (nsfl1c)|503934 (psmd11a)|550499 (psmb4)|554967 (psmd1)|564370 (psma3)|564527 (wwp2)|565434 (usp8)|567050 (usp28)|573095 (psmb3)|796450 (adrm1)|799058 (psmd14)|100037384 (ube2j2)"
"15","brown",5,"GO:0043632","modification-dependent macromolecule catabolic process","GO|GO.BP|GO",7.10008027217745e-30,6.78760573939892e-25,1.13126762323315e-25,43,0.150877192982456,0.0200534759358289,7.52374269005848,286,285,0.573333333333333,75,"modification-dependent macromolecule catabolic process","30387 (psmb5)|30388 (psmb6)|64278 (psmb7)|171585 (psma6a)|321585 (psmc6)|322265 (psmd11b)|324855 (plaa)|325631 (usp24)|326687 (psma4)|327330 (psmd7)|327447 (nploc4)|335736 (usp14)|393261 (psmd6)|393331 (ubl7b)|393536 (rad23b)|393544 (psmd3)|393922 (psmd13)|403011 (psma5)|403015 (si:rp71-45k5.4)|405805 (trib3)|406445 (psma8)|406618 (usp5)|415202 (psmd4a)|415221 (psmd8)|436862 (psma6b)|436882 (psmb2)|445033 (psma1)|445285 (psmc5)|445413 (psmb1)|449927 (usp4)|492805 (nsfl1c)|503934 (psmd11a)|550499 (psmb4)|554967 (psmd1)|564370 (psma3)|564527 (wwp2)|565000 (exosc3)|565434 (usp8)|567050 (usp28)|573095 (psmb3)|796450 (adrm1)|799058 (psmd14)|100037384 (ube2j2)"
"16","brown",6,"GO:0019941","modification-dependent protein catabolic process","GO|GO.BP|GO",2.84338279879552e-29,2.71824552182053e-24,3.88320788831504e-25,42,0.147368421052632,0.0195187165775401,7.55010814708003,286,285,0.575342465753425,73,"modification-dependent protein catabolic process","30387 (psmb5)|30388 (psmb6)|64278 (psmb7)|171585 (psma6a)|321585 (psmc6)|322265 (psmd11b)|324855 (plaa)|325631 (usp24)|326687 (psma4)|327330 (psmd7)|327447 (nploc4)|335736 (usp14)|393261 (psmd6)|393331 (ubl7b)|393536 (rad23b)|393544 (psmd3)|393922 (psmd13)|403011 (psma5)|403015 (si:rp71-45k5.4)|405805 (trib3)|406445 (psma8)|406618 (usp5)|415202 (psmd4a)|415221 (psmd8)|436862 (psma6b)|436882 (psmb2)|445033 (psma1)|445285 (psmc5)|445413 (psmb1)|449927 (usp4)|492805 (nsfl1c)|503934 (psmd11a)|550499 (psmb4)|554967 (psmd1)|564370 (psma3)|564527 (wwp2)|565434 (usp8)|567050 (usp28)|573095 (psmb3)|796450 (adrm1)|799058 (psmd14)|100037384 (ube2j2)"
"17","brown",7,"GO:0030163","protein catabolic process","GO|GO.BP|GO",5.31614563344317e-27,5.08218206411534e-22,5.08218206411533e-23,45,0.157894736842105,0.0248663101604278,6.34974533106961,286,285,0.483870967741935,93,"protein catabolic process","30387 (psmb5)|30388 (psmb6)|64278 (psmb7)|171585 (psma6a)|321585 (psmc6)|322265 (psmd11b)|324855 (plaa)|325631 (usp24)|326687 (psma4)|326884 (psmc4)|327330 (psmd7)|327447 (nploc4)|335736 (usp14)|393261 (psmd6)|393331 (ubl7b)|393536 (rad23b)|393544 (psmd3)|393922 (psmd13)|393941 (psmc2)|403011 (psma5)|403015 (si:rp71-45k5.4)|405805 (trib3)|406445 (psma8)|406618 (usp5)|415181 (psmc1b)|415202 (psmd4a)|415221 (psmd8)|436862 (psma6b)|436882 (psmb2)|445033 (psma1)|445285 (psmc5)|445413 (psmb1)|449927 (usp4)|492805 (nsfl1c)|503934 (psmd11a)|550499 (psmb4)|554967 (psmd1)|564370 (psma3)|564527 (wwp2)|565434 (usp8)|567050 (usp28)|573095 (psmb3)|796450 (adrm1)|799058 (psmd14)|100037384 (ube2j2)"
"18","brown",8,"GO:0051603","proteolysis involved in cellular protein catabolic process","GO|GO.BP|GO",3.16032671750551e-26,3.02124073866809e-21,2.51770061555674e-22,42,0.147368421052632,0.022192513368984,6.64045656309448,286,285,0.506024096385542,83,"proteolysis involved in cellular protein catabolic process","30387 (psmb5)|30388 (psmb6)|64278 (psmb7)|171585 (psma6a)|321585 (psmc6)|322265 (psmd11b)|324855 (plaa)|325631 (usp24)|326687 (psma4)|327330 (psmd7)|327447 (nploc4)|335736 (usp14)|393261 (psmd6)|393331 (ubl7b)|393536 (rad23b)|393544 (psmd3)|393922 (psmd13)|403011 (psma5)|403015 (si:rp71-45k5.4)|405805 (trib3)|406445 (psma8)|406618 (usp5)|415202 (psmd4a)|415221 (psmd8)|436862 (psma6b)|436882 (psmb2)|445033 (psma1)|445285 (psmc5)|445413 (psmb1)|449927 (usp4)|492805 (nsfl1c)|503934 (psmd11a)|550499 (psmb4)|554967 (psmd1)|564370 (psma3)|564527 (wwp2)|565434 (usp8)|567050 (usp28)|573095 (psmb3)|796450 (adrm1)|799058 (psmd14)|100037384 (ube2j2)"
"19","brown",9,"GO:0044257","cellular protein catabolic process","GO|GO.BP|GO",5.91121661533813e-26,5.65106397209709e-21,4.34697228622853e-22,42,0.147368421052632,0.0224598930481283,6.56140350877193,286,285,0.5,84,"cellular protein catabolic process","30387 (psmb5)|30388 (psmb6)|64278 (psmb7)|171585 (psma6a)|321585 (psmc6)|322265 (psmd11b)|324855 (plaa)|325631 (usp24)|326687 (psma4)|327330 (psmd7)|327447 (nploc4)|335736 (usp14)|393261 (psmd6)|393331 (ubl7b)|393536 (rad23b)|393544 (psmd3)|393922 (psmd13)|403011 (psma5)|403015 (si:rp71-45k5.4)|405805 (trib3)|406445 (psma8)|406618 (usp5)|415202 (psmd4a)|415221 (psmd8)|436862 (psma6b)|436882 (psmb2)|445033 (psma1)|445285 (psmc5)|445413 (psmb1)|449927 (usp4)|492805 (nsfl1c)|503934 (psmd11a)|550499 (psmb4)|554967 (psmd1)|564370 (psma3)|564527 (wwp2)|565434 (usp8)|567050 (usp28)|573095 (psmb3)|796450 (adrm1)|799058 (psmd14)|100037384 (ube2j2)"
"20","brown",10,"GO:0044265","cellular macromolecule catabolic process","GO|GO.BP|GO",4.29904859334078e-24,4.10984746474786e-19,2.7398983098319e-20,43,0.150877192982456,0.025668449197861,5.87792397660819,286,285,0.447916666666667,96,"cellular macromolecule catabolic process","30387 (psmb5)|30388 (psmb6)|64278 (psmb7)|171585 (psma6a)|321585 (psmc6)|322265 (psmd11b)|324855 (plaa)|325631 (usp24)|326687 (psma4)|327330 (psmd7)|327447 (nploc4)|335736 (usp14)|393261 (psmd6)|393331 (ubl7b)|393536 (rad23b)|393544 (psmd3)|393922 (psmd13)|403011 (psma5)|403015 (si:rp71-45k5.4)|405805 (trib3)|406445 (psma8)|406618 (usp5)|415202 (psmd4a)|415221 (psmd8)|436862 (psma6b)|436882 (psmb2)|445033 (psma1)|445285 (psmc5)|445413 (psmb1)|449927 (usp4)|492805 (nsfl1c)|503934 (psmd11a)|550499 (psmb4)|554967 (psmd1)|564370 (psma3)|564527 (wwp2)|565000 (exosc3)|565434 (usp8)|567050 (usp28)|573095 (psmb3)|796450 (adrm1)|799058 (psmd14)|100037384 (ube2j2)"
"21","brown",11,"GO:0009057","macromolecule catabolic process","GO|GO.BP|GO",2.21711006132133e-23,2.11953504752257e-18,1.2467853220721e-19,46,0.16140350877193,0.0304812834224599,5.29516774392121,286,285,0.403508771929825,114,"macromolecule catabolic process","30387 (psmb5)|30388 (psmb6)|64278 (psmb7)|171585 (psma6a)|321585 (psmc6)|322265 (psmd11b)|324855 (plaa)|325631 (usp24)|326687 (psma4)|326884 (psmc4)|327330 (psmd7)|327447 (nploc4)|335736 (usp14)|393261 (psmd6)|393331 (ubl7b)|393536 (rad23b)|393544 (psmd3)|393922 (psmd13)|393941 (psmc2)|403011 (psma5)|403015 (si:rp71-45k5.4)|405805 (trib3)|406445 (psma8)|406618 (usp5)|415181 (psmc1b)|415202 (psmd4a)|415221 (psmd8)|436862 (psma6b)|436882 (psmb2)|445033 (psma1)|445285 (psmc5)|445413 (psmb1)|449927 (usp4)|492805 (nsfl1c)|503934 (psmd11a)|550499 (psmb4)|554967 (psmd1)|564370 (psma3)|564527 (wwp2)|565000 (exosc3)|565434 (usp8)|567050 (usp28)|573095 (psmb3)|796450 (adrm1)|799058 (psmd14)|100037384 (ube2j2)"
"22","brown",12,"GO:0043161","proteasome-mediated ubiquitin-dependent protein catabolic process","GO|GO.BP|GO",1.51955569733294e-20,1.45268005109332e-15,4.40206076088884e-17,29,0.101754385964912,0.0133689839572193,7.61122807017544,286,285,0.58,50,"proteasome-mediated ubiquitin-dependent protein catabolic process","30387 (psmb5)|30388 (psmb6)|64278 (psmb7)|171585 (psma6a)|321585 (psmc6)|324855 (plaa)|326687 (psma4)|327330 (psmd7)|393261 (psmd6)|393536 (rad23b)|403011 (psma5)|403015 (si:rp71-45k5.4)|405805 (trib3)|406445 (psma8)|415202 (psmd4a)|415221 (psmd8)|436862 (psma6b)|436882 (psmb2)|445033 (psma1)|445285 (psmc5)|445413 (psmb1)|492805 (nsfl1c)|550499 (psmb4)|554967 (psmd1)|564370 (psma3)|564527 (wwp2)|573095 (psmb3)|799058 (psmd14)|100037384 (ube2j2)"
"23","brown",13,"GO:0010498","proteasomal protein catabolic process","GO|GO.BP|GO",5.68274887033729e-19,5.43265109255375e-14,1.35816277313844e-15,29,0.101754385964912,0.0147058823529412,6.91929824561404,286,285,0.527272727272727,55,"proteasomal protein catabolic process","30387 (psmb5)|30388 (psmb6)|64278 (psmb7)|171585 (psma6a)|321585 (psmc6)|324855 (plaa)|326687 (psma4)|327330 (psmd7)|393261 (psmd6)|393536 (rad23b)|403011 (psma5)|403015 (si:rp71-45k5.4)|405805 (trib3)|406445 (psma8)|415202 (psmd4a)|415221 (psmd8)|436862 (psma6b)|436882 (psmb2)|445033 (psma1)|445285 (psmc5)|445413 (psmb1)|492805 (nsfl1c)|550499 (psmb4)|554967 (psmd1)|564370 (psma3)|564527 (wwp2)|573095 (psmb3)|799058 (psmd14)|100037384 (ube2j2)"
"24","brown",14,"GO:0005838","proteasome regulatory particle","GO|GO.CC|GO",8.69474892107866e-19,8.31209302106199e-14,2.02733976123463e-15,16,0.056140350877193,0.00427807486631016,13.1228070175439,286,285,1,16,"proteasome regulatory particle","321585 (psmc6)|322265 (psmd11b)|326884 (psmc4)|327330 (psmd7)|393261 (psmd6)|393544 (psmd3)|393922 (psmd13)|393941 (psmc2)|415181 (psmc1b)|415202 (psmd4a)|415221 (psmd8)|445285 (psmc5)|503934 (psmd11a)|554967 (psmd1)|796450 (adrm1)|799058 (psmd14)"
"25","brown",15,"GO:0042254","ribosome biogenesis","GO|GO.BP|GO",1.16424780816519e-18,1.11300926212784e-13,2.58839363285544e-15,32,0.112280701754386,0.0184491978609626,6.08593948639715,286,285,0.463768115942029,69,"ribosome biogenesis","286746 (sdad1)|317637 (wdr43)|317639 (tsr2)|317739 (ppan)|321059 (rrp1)|323426 (mphosph10)|325106 (utp15)|326718 (esf1)|386850 (eif6)|393206 (nol10)|393243 (znhit3)|393538 (polr1c)|393617 (nat10)|393863 (heatr3)|394040 (surf6)|406324 (abce1)|406571 (utp4)|406587 (rpf2)|406690 (nsun5)|407084 (riok2)|445388 (rcl1)|445391 (nop10)|447856 (utp3)|541444 (nmd3)|553606 (nle1)|553616 (nip7)|557254 (nob1)|559352 (znf593)|563247 (rsl1d1)|565000 (exosc3)|572367 (bud23)|793727 (gnl2)"
"26","brown",16,"GO:0005634","nucleus","GO|GO.CC|GO",4.08920813390838e-17,3.90924208393507e-12,7.66518055673543e-14,98,0.343859649122807,0.152673796791444,2.25225059145236,286,285,0.171628721541156,571,"nucleus","(More than 50 overlapping genes)"
"27","brown",17,"GO:0034660","ncRNA metabolic process","GO|GO.BP|GO",4.27027262014995e-17,4.08233792213715e-12,7.85064985026374e-14,33,0.115789473684211,0.0216577540106952,5.34632878492528,286,285,0.407407407407407,81,"ncRNA metabolic process","114427 (vars)|317639 (tsr2)|321059 (rrp1)|323426 (mphosph10)|324025 (dars)|325106 (utp15)|325292 (nsun2)|326718 (esf1)|334393 (iars)|338183 (mars)|368235 (yars)|393206 (nol10)|393243 (znhit3)|393617 (nat10)|406571 (utp4)|406587 (rpf2)|406690 (nsun5)|407084 (riok2)|445391 (nop10)|447856 (utp3)|449779 (mettl1)|492460 (trmt10c)|493608 (farsb)|557254 (nob1)|560338 (elp2)|562037 (eprs)|563247 (rsl1d1)|565000 (exosc3)|566303 (si:dkey-85a20.4)|571210 (mrpl44)|572367 (bud23)|793727 (gnl2)|100003049 (dus2)"
"28","brown",18,"GO:0022613","ribonucleoprotein complex biogenesis","GO|GO.BP|GO",6.54397387044161e-17,6.25597358040348e-12,1.18037237366103e-13,32,0.112280701754386,0.0205882352941176,5.45363408521303,286,285,0.415584415584416,77,"ribonucleoprotein complex biogenesis","286746 (sdad1)|317637 (wdr43)|317639 (tsr2)|317739 (ppan)|321059 (rrp1)|323426 (mphosph10)|325106 (utp15)|326718 (esf1)|386850 (eif6)|393206 (nol10)|393243 (znhit3)|393538 (polr1c)|393617 (nat10)|393863 (heatr3)|394040 (surf6)|406324 (abce1)|406571 (utp4)|406587 (rpf2)|406690 (nsun5)|407084 (riok2)|445388 (rcl1)|445391 (nop10)|447856 (utp3)|541444 (nmd3)|553606 (nle1)|553616 (nip7)|557254 (nob1)|559352 (znf593)|563247 (rsl1d1)|565000 (exosc3)|572367 (bud23)|793727 (gnl2)"
"29","brown",19,"GO:1902494","catalytic complex","GO|GO.CC|GO",9.96568663058482e-17,9.52709676197278e-12,1.73219941126778e-13,43,0.150877192982456,0.0371657754010695,4.05957339391645,286,285,0.309352517985612,139,"catalytic complex","30387 (psmb5)|30388 (psmb6)|64278 (psmb7)|171585 (psma6a)|321585 (psmc6)|322265 (psmd11b)|326687 (psma4)|326884 (psmc4)|327330 (psmd7)|336518 (polr3e)|393261 (psmd6)|393536 (rad23b)|393538 (polr1c)|393544 (psmd3)|393922 (psmd13)|393941 (psmc2)|403011 (psma5)|403015 (si:rp71-45k5.4)|405837 (zer1)|406445 (psma8)|415181 (psmc1b)|415202 (psmd4a)|415221 (psmd8)|436862 (psma6b)|436882 (psmb2)|445033 (psma1)|445285 (psmc5)|445391 (nop10)|445413 (psmb1)|447901 (polr3gla)|492460 (trmt10c)|493608 (farsb)|503934 (psmd11a)|550499 (psmb4)|554967 (psmd1)|560338 (elp2)|562327 (pcgf5a)|564370 (psma3)|565000 (exosc3)|573095 (psmb3)|796450 (adrm1)|799058 (psmd14)|100003679 (keap1b)"
"30","brown",20,"GO:1901565","organonitrogen compound catabolic process","GO|GO.BP|GO",2.06532132921446e-16,1.97442653751573e-11,3.40418368537194e-13,45,0.157894736842105,0.0411764705882353,3.83458646616541,286,285,0.292207792207792,154,"organonitrogen compound catabolic process","30387 (psmb5)|30388 (psmb6)|64278 (psmb7)|171585 (psma6a)|321585 (psmc6)|322265 (psmd11b)|324855 (plaa)|325631 (usp24)|326687 (psma4)|326884 (psmc4)|327330 (psmd7)|327447 (nploc4)|335736 (usp14)|393261 (psmd6)|393331 (ubl7b)|393536 (rad23b)|393544 (psmd3)|393922 (psmd13)|393941 (psmc2)|403011 (psma5)|403015 (si:rp71-45k5.4)|405805 (trib3)|406445 (psma8)|406618 (usp5)|415181 (psmc1b)|415202 (psmd4a)|415221 (psmd8)|436862 (psma6b)|436882 (psmb2)|445033 (psma1)|445285 (psmc5)|445413 (psmb1)|449927 (usp4)|492805 (nsfl1c)|503934 (psmd11a)|550499 (psmb4)|554967 (psmd1)|564370 (psma3)|564527 (wwp2)|565434 (usp8)|567050 (usp28)|573095 (psmb3)|796450 (adrm1)|799058 (psmd14)|100037384 (ube2j2)"
"31","brown",21,"GO:0022624","proteasome accessory complex","GO|GO.CC|GO",6.82102343778295e-16,6.52083019628612e-11,1.10522545699765e-12,16,0.056140350877193,0.00508021390374332,11.050784856879,286,285,0.842105263157895,19,"proteasome accessory complex","321585 (psmc6)|322265 (psmd11b)|326884 (psmc4)|327330 (psmd7)|393261 (psmd6)|393544 (psmd3)|393922 (psmd13)|393941 (psmc2)|415181 (psmc1b)|415202 (psmd4a)|415221 (psmd8)|445285 (psmc5)|503934 (psmd11a)|554967 (psmd1)|796450 (adrm1)|799058 (psmd14)"
"32","brown",22,"GO:0004298","threonine-type endopeptidase activity","GO|GO.MF|GO",1.41721311658206e-15,1.35484156732129e-10,2.18522833438917e-12,15,0.0526315789473684,0.00454545454545455,11.5789473684211,286,285,0.882352941176471,17,"threonine-type endopeptidase activity","30387 (psmb5)|30388 (psmb6)|64278 (psmb7)|171585 (psma6a)|326687 (psma4)|403011 (psma5)|403015 (si:rp71-45k5.4)|406445 (psma8)|436862 (psma6b)|436882 (psmb2)|445033 (psma1)|445413 (psmb1)|550499 (psmb4)|564370 (psma3)|573095 (psmb3)"
"33","brown",23,"GO:0005839","proteasome core complex","GO|GO.CC|GO",1.41721311658206e-15,1.35484156732129e-10,2.18522833438917e-12,15,0.0526315789473684,0.00454545454545455,11.5789473684211,286,285,0.882352941176471,17,"proteasome core complex","30387 (psmb5)|30388 (psmb6)|64278 (psmb7)|171585 (psma6a)|326687 (psma4)|403011 (psma5)|403015 (si:rp71-45k5.4)|406445 (psma8)|436862 (psma6b)|436882 (psmb2)|445033 (psma1)|445413 (psmb1)|550499 (psmb4)|564370 (psma3)|573095 (psmb3)"
"34","brown",24,"GO:0070003","threonine-type peptidase activity","GO|GO.MF|GO",1.41721311658206e-15,1.35484156732129e-10,2.18522833438917e-12,15,0.0526315789473684,0.00454545454545455,11.5789473684211,286,285,0.882352941176471,17,"threonine-type peptidase activity","30387 (psmb5)|30388 (psmb6)|64278 (psmb7)|171585 (psma6a)|326687 (psma4)|403011 (psma5)|403015 (si:rp71-45k5.4)|406445 (psma8)|436862 (psma6b)|436882 (psmb2)|445033 (psma1)|445413 (psmb1)|550499 (psmb4)|564370 (psma3)|573095 (psmb3)"
"35","brown",25,"GO:0010499","proteasomal ubiquitin-independent protein catabolic process","GO|GO.BP|GO",7.92549640957836e-15,7.57669531259282e-10,1.09172857681759e-11,15,0.0526315789473684,0.00481283422459893,10.9356725146199,286,285,0.833333333333333,18,"proteasomal ubiquitin-independent protein catabolic process","30387 (psmb5)|30388 (psmb6)|64278 (psmb7)|171585 (psma6a)|326687 (psma4)|403011 (psma5)|403015 (si:rp71-45k5.4)|406445 (psma8)|436862 (psma6b)|436882 (psmb2)|445033 (psma1)|445413 (psmb1)|550499 (psmb4)|564370 (psma3)|573095 (psmb3)"
"36","brown",26,"GO:0005730","nucleolus","GO|GO.CC|GO",1.12461630830657e-13,1.075121944578e-08,1.26484934656235e-10,28,0.0982456140350877,0.0197860962566845,4.96538643907065,286,285,0.378378378378378,74,"nucleolus","192312 (mak16)|286746 (sdad1)|286777 (ddx54)|321058 (wdr3)|321289 (noc3l)|323426 (mphosph10)|323462 (pa2g4b)|325106 (utp15)|368253 (pinx1)|386850 (eif6)|393206 (nol10)|393260 (nol12)|393538 (polr1c)|393617 (nat10)|394040 (surf6)|406571 (utp4)|406587 (rpf2)|406690 (nsun5)|445388 (rcl1)|445391 (nop10)|447856 (utp3)|541444 (nmd3)|550514 (utp23)|553606 (nle1)|553616 (nip7)|560815 (riox1)|572367 (bud23)|793727 (gnl2)"
"37","brown",27,"GO:0034470","ncRNA processing","GO|GO.BP|GO",2.92210672299686e-13,2.79350480611777e-08,3.17443727967928e-10,26,0.0912280701754386,0.0176470588235294,5.16959064327485,286,285,0.393939393939394,66,"ncRNA processing","317639 (tsr2)|321059 (rrp1)|323426 (mphosph10)|325106 (utp15)|325292 (nsun2)|326718 (esf1)|393206 (nol10)|393243 (znhit3)|393617 (nat10)|406571 (utp4)|406587 (rpf2)|406690 (nsun5)|407084 (riok2)|445391 (nop10)|447856 (utp3)|449779 (mettl1)|492460 (trmt10c)|557254 (nob1)|560338 (elp2)|563247 (rsl1d1)|565000 (exosc3)|566303 (si:dkey-85a20.4)|571210 (mrpl44)|572367 (bud23)|793727 (gnl2)|100003049 (dus2)"
"38","brown",28,"GO:0044267","cellular protein metabolic process","GO|GO.BP|GO",2.02821564558406e-12,1.93895387502191e-07,2.01588729501448e-09,70,0.245614035087719,0.10668449197861,2.30224684518313,286,285,0.175438596491228,399,"cellular protein metabolic process","(More than 50 overlapping genes)"
"39","brown",29,"GO:0043170","macromolecule metabolic process","GO|GO.BP|GO",4.06773932392927e-12,3.88871811628315e-07,3.96807971049301e-09,120,0.421052631578947,0.243048128342246,1.73238376469226,286,285,0.132013201320132,909,"macromolecule metabolic process","(More than 50 overlapping genes)"
"40","brown",30,"GO:0044428","nuclear part","GO|GO.CC|GO",6.90639168741893e-12,6.60244138925562e-07,6.41013727112197e-09,43,0.150877192982456,0.0494652406417112,3.05016595542911,286,285,0.232432432432432,185,"nuclear part","192312 (mak16)|286746 (sdad1)|286777 (ddx54)|321058 (wdr3)|321289 (noc3l)|321739 (ipo7)|323426 (mphosph10)|323462 (pa2g4b)|325106 (utp15)|336518 (polr3e)|368253 (pinx1)|386850 (eif6)|393206 (nol10)|393260 (nol12)|393536 (rad23b)|393538 (polr1c)|393617 (nat10)|394040 (surf6)|405828 (nup43)|405868 (lrrc59)|406491 (nup42)|406571 (utp4)|406587 (rpf2)|406690 (nsun5)|415208 (zgc:86811)|445285 (psmc5)|445388 (rcl1)|445391 (nop10)|447856 (utp3)|447901 (polr3gla)|492460 (trmt10c)|541444 (nmd3)|550514 (utp23)|553606 (nle1)|553616 (nip7)|560338 (elp2)|560815 (riox1)|562327 (pcgf5a)|565000 (exosc3)|569455 (kpnb3)|571948 (nr1d4b)|572367 (bud23)|793727 (gnl2)"
"41","brown",31,"GO:0140098","catalytic activity, acting on RNA","GO|GO.MF|GO",2.3098210118328e-11,2.20816578910204e-06,2.02584017348811e-08,22,0.0771929824561404,0.0149732620320856,5.15538847117794,286,285,0.392857142857143,56,"catalytic activity, acting on RNA","114427 (vars)|286777 (ddx54)|324025 (dars)|325292 (nsun2)|334393 (iars)|336518 (polr3e)|338183 (mars)|368235 (yars)|393538 (polr1c)|445388 (rcl1)|447901 (polr3gla)|449779 (mettl1)|492460 (trmt10c)|493608 (farsb)|557254 (nob1)|562037 (eprs)|566303 (si:dkey-85a20.4)|571210 (mrpl44)|572367 (bud23)|791795 (ptrh2)|100003049 (dus2)|100534720 (isg20)"
"42","brown",32,"GO:0044085","cellular component biogenesis","GO|GO.BP|GO",2.34039776056141e-11,2.2373968551191e-06,2.03399714101736e-08,51,0.178947368421053,0.0679144385026738,2.63489432242022,286,285,0.200787401574803,254,"cellular component biogenesis","(More than 50 overlapping genes)"
"43","brown",33,"GO:0031981","nuclear lumen","GO|GO.CC|GO",4.62023456710435e-11,4.41689804380609e-06,3.94365896768401e-08,36,0.126315789473684,0.0385026737967914,3.28070175438596,286,285,0.25,144,"nuclear lumen","192312 (mak16)|286746 (sdad1)|286777 (ddx54)|321058 (wdr3)|321289 (noc3l)|323426 (mphosph10)|323462 (pa2g4b)|325106 (utp15)|368253 (pinx1)|386850 (eif6)|393206 (nol10)|393260 (nol12)|393536 (rad23b)|393538 (polr1c)|393617 (nat10)|394040 (surf6)|406571 (utp4)|406587 (rpf2)|406690 (nsun5)|415208 (zgc:86811)|445285 (psmc5)|445388 (rcl1)|445391 (nop10)|447856 (utp3)|447901 (polr3gla)|492460 (trmt10c)|541444 (nmd3)|550514 (utp23)|553606 (nle1)|553616 (nip7)|560338 (elp2)|560815 (riox1)|565000 (exosc3)|569455 (kpnb3)|572367 (bud23)|793727 (gnl2)"
"44","brown",34,"GO:0006396","RNA processing","GO|GO.BP|GO",5.26776415763807e-11,5.03592985706042e-06,4.34131884229346e-08,27,0.0947368421052632,0.0229946524064171,4.11995104039168,286,285,0.313953488372093,86,"RNA processing","317639 (tsr2)|321059 (rrp1)|323426 (mphosph10)|325106 (utp15)|325292 (nsun2)|326718 (esf1)|393206 (nol10)|393243 (znhit3)|393617 (nat10)|406571 (utp4)|406587 (rpf2)|406690 (nsun5)|407084 (riok2)|445388 (rcl1)|445391 (nop10)|447856 (utp3)|449779 (mettl1)|492460 (trmt10c)|557254 (nob1)|560338 (elp2)|563247 (rsl1d1)|565000 (exosc3)|566303 (si:dkey-85a20.4)|571210 (mrpl44)|572367 (bud23)|793727 (gnl2)|100003049 (dus2)"
"45","brown",35,"GO:0006508","proteolysis","GO|GO.BP|GO",7.22031600809011e-11,6.90254990057407e-06,5.80046210132274e-08,46,0.16140350877193,0.0590909090909091,2.73144399460189,286,285,0.208144796380091,221,"proteolysis","30387 (psmb5)|30388 (psmb6)|64278 (psmb7)|171585 (psma6a)|321585 (psmc6)|322265 (psmd11b)|324855 (plaa)|325631 (usp24)|326634 (slc14a2)|326687 (psma4)|327330 (psmd7)|327447 (nploc4)|335736 (usp14)|393261 (psmd6)|393331 (ubl7b)|393536 (rad23b)|393544 (psmd3)|393922 (psmd13)|403011 (psma5)|403015 (si:rp71-45k5.4)|405805 (trib3)|406445 (psma8)|406618 (usp5)|406808 (pitrm1)|415202 (psmd4a)|415221 (psmd8)|436628 (thop1)|436862 (psma6b)|436882 (psmb2)|445033 (psma1)|445285 (psmc5)|445413 (psmb1)|449927 (usp4)|492805 (nsfl1c)|503934 (psmd11a)|550499 (psmb4)|554967 (psmd1)|564370 (psma3)|564527 (wwp2)|565434 (usp8)|567050 (usp28)|573095 (psmb3)|796450 (adrm1)|799058 (psmd14)|100037384 (ube2j2)|100331669 (tpp2)"
"46","brown",36,"GO:0031974","membrane-enclosed lumen","GO|GO.CC|GO",1.04826953365781e-10,1.00213519148153e-05,8.08173541517365e-08,40,0.140350877192982,0.0473262032085561,2.96560610565963,286,285,0.225988700564972,177,"membrane-enclosed lumen","192312 (mak16)|286746 (sdad1)|286777 (ddx54)|321058 (wdr3)|321289 (noc3l)|323426 (mphosph10)|323462 (pa2g4b)|325106 (utp15)|368253 (pinx1)|386850 (eif6)|393206 (nol10)|393260 (nol12)|393536 (rad23b)|393538 (polr1c)|393617 (nat10)|394040 (surf6)|406571 (utp4)|406587 (rpf2)|406690 (nsun5)|406808 (pitrm1)|415208 (zgc:86811)|436628 (thop1)|445243 (timm8a)|445285 (psmc5)|445388 (rcl1)|445391 (nop10)|447856 (utp3)|447901 (polr3gla)|492460 (trmt10c)|541444 (nmd3)|550514 (utp23)|553030 (guf1)|553606 (nle1)|553616 (nip7)|560338 (elp2)|560815 (riox1)|565000 (exosc3)|569455 (kpnb3)|572367 (bud23)|793727 (gnl2)"
"47","brown",37,"GO:0043233","organelle lumen","GO|GO.CC|GO",1.04826953365781e-10,1.00213519148153e-05,8.08173541517365e-08,40,0.140350877192982,0.0473262032085561,2.96560610565963,286,285,0.225988700564972,177,"organelle lumen","192312 (mak16)|286746 (sdad1)|286777 (ddx54)|321058 (wdr3)|321289 (noc3l)|323426 (mphosph10)|323462 (pa2g4b)|325106 (utp15)|368253 (pinx1)|386850 (eif6)|393206 (nol10)|393260 (nol12)|393536 (rad23b)|393538 (polr1c)|393617 (nat10)|394040 (surf6)|406571 (utp4)|406587 (rpf2)|406690 (nsun5)|406808 (pitrm1)|415208 (zgc:86811)|436628 (thop1)|445243 (timm8a)|445285 (psmc5)|445388 (rcl1)|445391 (nop10)|447856 (utp3)|447901 (polr3gla)|492460 (trmt10c)|541444 (nmd3)|550514 (utp23)|553030 (guf1)|553606 (nle1)|553616 (nip7)|560338 (elp2)|560815 (riox1)|565000 (exosc3)|569455 (kpnb3)|572367 (bud23)|793727 (gnl2)"
"48","brown",38,"GO:0070013","intracellular organelle lumen","GO|GO.CC|GO",1.04826953365781e-10,1.00213519148153e-05,8.08173541517365e-08,40,0.140350877192982,0.0473262032085561,2.96560610565963,286,285,0.225988700564972,177,"intracellular organelle lumen","192312 (mak16)|286746 (sdad1)|286777 (ddx54)|321058 (wdr3)|321289 (noc3l)|323426 (mphosph10)|323462 (pa2g4b)|325106 (utp15)|368253 (pinx1)|386850 (eif6)|393206 (nol10)|393260 (nol12)|393536 (rad23b)|393538 (polr1c)|393617 (nat10)|394040 (surf6)|406571 (utp4)|406587 (rpf2)|406690 (nsun5)|406808 (pitrm1)|415208 (zgc:86811)|436628 (thop1)|445243 (timm8a)|445285 (psmc5)|445388 (rcl1)|445391 (nop10)|447856 (utp3)|447901 (polr3gla)|492460 (trmt10c)|541444 (nmd3)|550514 (utp23)|553030 (guf1)|553606 (nle1)|553616 (nip7)|560338 (elp2)|560815 (riox1)|565000 (exosc3)|569455 (kpnb3)|572367 (bud23)|793727 (gnl2)"
"49","brown",39,"GO:1901575","organic substance catabolic process","GO|GO.BP|GO",1.88019090536224e-10,1.79744370361725e-05,1.3826490027825e-07,47,0.164912280701754,0.0628342245989305,2.62456140350877,286,285,0.2,235,"organic substance catabolic process","30387 (psmb5)|30388 (psmb6)|64278 (psmb7)|171585 (psma6a)|321585 (psmc6)|322265 (psmd11b)|324855 (plaa)|325631 (usp24)|326687 (psma4)|326884 (psmc4)|327330 (psmd7)|327447 (nploc4)|335736 (usp14)|393261 (psmd6)|393331 (ubl7b)|393536 (rad23b)|393544 (psmd3)|393922 (psmd13)|393941 (psmc2)|403011 (psma5)|403015 (si:rp71-45k5.4)|405805 (trib3)|406445 (psma8)|406618 (usp5)|415181 (psmc1b)|415202 (psmd4a)|415221 (psmd8)|436862 (psma6b)|436882 (psmb2)|445033 (psma1)|445285 (psmc5)|445413 (psmb1)|449927 (usp4)|492805 (nsfl1c)|503934 (psmd11a)|550499 (psmb4)|554967 (psmd1)|564370 (psma3)|564527 (wwp2)|565000 (exosc3)|565434 (usp8)|567050 (usp28)|573095 (psmb3)|796450 (adrm1)|799058 (psmd14)|100037384 (ube2j2)|101887155 (pnpla2)"
"50","brown",40,"GO:0044260","cellular macromolecule metabolic process","GO|GO.BP|GO",2.01020667631646e-10,1.92173748049177e-05,1.46697517594792e-07,97,0.340350877192982,0.189304812834225,1.79789870155615,286,285,0.137005649717514,708,"cellular macromolecule metabolic process","(More than 50 overlapping genes)"
"51","brown",41,"GO:0006364","rRNA processing","GO|GO.BP|GO",4.86108895721092e-10,4.64715243220406e-05,3.36750176246671e-07,19,0.0666666666666667,0.0128342245989305,5.19444444444444,286,285,0.395833333333333,48,"rRNA processing","317639 (tsr2)|321059 (rrp1)|323426 (mphosph10)|325106 (utp15)|326718 (esf1)|393206 (nol10)|393243 (znhit3)|393617 (nat10)|406571 (utp4)|406587 (rpf2)|406690 (nsun5)|407084 (riok2)|445391 (nop10)|447856 (utp3)|557254 (nob1)|563247 (rsl1d1)|565000 (exosc3)|572367 (bud23)|793727 (gnl2)"
"52","brown",42,"GO:0016072","rRNA metabolic process","GO|GO.BP|GO",4.86108895721092e-10,4.64715243220406e-05,3.36750176246671e-07,19,0.0666666666666667,0.0128342245989305,5.19444444444444,286,285,0.395833333333333,48,"rRNA metabolic process","317639 (tsr2)|321059 (rrp1)|323426 (mphosph10)|325106 (utp15)|326718 (esf1)|393206 (nol10)|393243 (znhit3)|393617 (nat10)|406571 (utp4)|406587 (rpf2)|406690 (nsun5)|407084 (riok2)|445391 (nop10)|447856 (utp3)|557254 (nob1)|563247 (rsl1d1)|565000 (exosc3)|572367 (bud23)|793727 (gnl2)"
"53","green",1,"GO:0005730","nucleolus","GO|GO.CC|GO",3.30283649269726e-29,3.15747865865365e-24,3.94684832331706e-25,34,0.225165562913907,0.0197860962566845,11.379989260784,151,151,0.459459459459459,74,"nucleolus","58013 (noc2l)|266990 (pwp2h)|317644 (nifk)|321114 (snu13b)|321130 (nop2)|321247 (ftsj3)|321277 (mybbp1a)|321897 (gnl3)|325603 (polr1b)|334446 (heatr1)|336470 (pak1ip1)|337399 (rrs1)|368478 (wdr75)|368737 (pa2g4a)|394081 (bysl)|402823 (bxdc2)|402856 (twistnb)|406275 (fbl)|436992 (imp4)|445394 (wdr55)|494152 (nop58)|550241 (rrp7a)|550350 (mrto4)|553241 (bms1)|553568 (abt1)|554096 (noc4l)|557849 (utp20)|559477 (aatf)|561131 (nolc1)|613144 (dkc1)|794079 (pdcd11)|797198 (rrp8)|100003787 (nhp2)|100536352 (urb1)"
"54","green",2,"GO:0022613","ribonucleoprotein complex biogenesis","GO|GO.BP|GO",4.14757708095243e-27,3.96504221361972e-22,4.40560245957746e-23,33,0.218543046357616,0.0205882352941176,10.6149479659413,151,151,0.428571428571429,77,"ribonucleoprotein complex biogenesis","58013 (noc2l)|58024 (coil)|266990 (pwp2h)|321114 (snu13b)|321130 (nop2)|321247 (ftsj3)|321897 (gnl3)|325037 (tsr1)|334271 (nufip1)|334446 (heatr1)|336470 (pak1ip1)|337399 (rrs1)|368478 (wdr75)|394081 (bysl)|402808 (rrp9)|402823 (bxdc2)|406275 (fbl)|436992 (imp4)|445162 (dimt1l)|445217 (mettl16)|445394 (wdr55)|550234 (exosc2)|550241 (rrp7a)|550350 (mrto4)|553241 (bms1)|553568 (abt1)|554096 (noc4l)|568328 (naf1)|568741 (efl1)|613144 (dkc1)|797198 (rrp8)|100003787 (nhp2)|100536352 (urb1)"
"55","green",3,"GO:0042254","ribosome biogenesis","GO|GO.BP|GO",3.00303297868344e-26,2.87086949729158e-21,2.51770061555674e-22,31,0.205298013245033,0.0184491978609626,11.1277473845859,151,151,0.449275362318841,69,"ribosome biogenesis","58013 (noc2l)|266990 (pwp2h)|321114 (snu13b)|321130 (nop2)|321247 (ftsj3)|321897 (gnl3)|325037 (tsr1)|334446 (heatr1)|336470 (pak1ip1)|337399 (rrs1)|368478 (wdr75)|394081 (bysl)|402808 (rrp9)|402823 (bxdc2)|406275 (fbl)|436992 (imp4)|445162 (dimt1l)|445217 (mettl16)|445394 (wdr55)|550234 (exosc2)|550241 (rrp7a)|550350 (mrto4)|553241 (bms1)|553568 (abt1)|554096 (noc4l)|568328 (naf1)|568741 (efl1)|613144 (dkc1)|797198 (rrp8)|100003787 (nhp2)|100536352 (urb1)"
"56","green",4,"GO:0034660","ncRNA metabolic process","GO|GO.BP|GO",1.18922760168853e-23,1.13688969493822e-18,7.10556059336386e-20,31,0.205298013245033,0.0216577540106952,9.47919221649906,151,151,0.382716049382716,81,"ncRNA metabolic process","266990 (pwp2h)|280647 (kars)|321114 (snu13b)|321130 (nop2)|321247 (ftsj3)|321897 (gnl3)|325037 (tsr1)|334446 (heatr1)|337399 (rrs1)|337487 (pus3)|368478 (wdr75)|394081 (bysl)|402798 (qtrt2)|402808 (rrp9)|406275 (fbl)|436992 (imp4)|445162 (dimt1l)|445217 (mettl16)|445394 (wdr55)|550234 (exosc2)|550241 (rrp7a)|550350 (mrto4)|553241 (bms1)|553298 (trmt1)|553568 (abt1)|556702 (yars2)|569778 (larsb)|613144 (dkc1)|797198 (rrp8)|100003787 (nhp2)|100536352 (urb1)"
"57","green",5,"GO:0031981","nuclear lumen","GO|GO.CC|GO",2.52320962125128e-23,2.41216316582001e-18,1.29443849352429e-19,39,0.258278145695364,0.0385026737967914,6.70805739514349,151,151,0.270833333333333,144,"nuclear lumen","30649 (psme3)|58013 (noc2l)|58024 (coil)|266990 (pwp2h)|317644 (nifk)|321114 (snu13b)|321130 (nop2)|321247 (ftsj3)|321277 (mybbp1a)|321897 (gnl3)|325603 (polr1b)|326088 (ccnl1b)|334446 (heatr1)|336470 (pak1ip1)|337399 (rrs1)|368478 (wdr75)|368737 (pa2g4a)|394081 (bysl)|402823 (bxdc2)|402856 (twistnb)|406275 (fbl)|436992 (imp4)|445394 (wdr55)|494152 (nop58)|550234 (exosc2)|550241 (rrp7a)|550350 (mrto4)|553241 (bms1)|553568 (abt1)|554096 (noc4l)|557849 (utp20)|559477 (aatf)|561131 (nolc1)|613144 (dkc1)|794079 (pdcd11)|797198 (rrp8)|100003787 (nhp2)|100332599 (ascc3)|100536352 (urb1)"
"58","green",6,"GO:0006364","rRNA processing","GO|GO.BP|GO",2.70805864815383e-23,2.58887698704858e-18,1.29443849352429e-19,25,0.165562913907285,0.0128342245989305,12.9001103752759,151,151,0.520833333333333,48,"rRNA processing","266990 (pwp2h)|321114 (snu13b)|321130 (nop2)|321247 (ftsj3)|321897 (gnl3)|325037 (tsr1)|334446 (heatr1)|337399 (rrs1)|368478 (wdr75)|394081 (bysl)|402808 (rrp9)|406275 (fbl)|436992 (imp4)|445162 (dimt1l)|445217 (mettl16)|445394 (wdr55)|550234 (exosc2)|550241 (rrp7a)|550350 (mrto4)|553241 (bms1)|553568 (abt1)|613144 (dkc1)|797198 (rrp8)|100003787 (nhp2)|100536352 (urb1)"
"59","green",7,"GO:0016072","rRNA metabolic process","GO|GO.BP|GO",2.70805864815383e-23,2.58887698704858e-18,1.29443849352429e-19,25,0.165562913907285,0.0128342245989305,12.9001103752759,151,151,0.520833333333333,48,"rRNA metabolic process","266990 (pwp2h)|321114 (snu13b)|321130 (nop2)|321247 (ftsj3)|321897 (gnl3)|325037 (tsr1)|334446 (heatr1)|337399 (rrs1)|368478 (wdr75)|394081 (bysl)|402808 (rrp9)|406275 (fbl)|436992 (imp4)|445162 (dimt1l)|445217 (mettl16)|445394 (wdr55)|550234 (exosc2)|550241 (rrp7a)|550350 (mrto4)|553241 (bms1)|553568 (abt1)|613144 (dkc1)|797198 (rrp8)|100003787 (nhp2)|100536352 (urb1)"
"60","green",8,"GO:0034470","ncRNA processing","GO|GO.BP|GO",7.06950483433841e-23,6.75837592657918e-18,3.21827425075199e-19,28,0.185430463576159,0.0176470588235294,10.5077262693157,151,151,0.424242424242424,66,"ncRNA processing","266990 (pwp2h)|321114 (snu13b)|321130 (nop2)|321247 (ftsj3)|321897 (gnl3)|325037 (tsr1)|334446 (heatr1)|337399 (rrs1)|337487 (pus3)|368478 (wdr75)|394081 (bysl)|402798 (qtrt2)|402808 (rrp9)|406275 (fbl)|436992 (imp4)|445162 (dimt1l)|445217 (mettl16)|445394 (wdr55)|550234 (exosc2)|550241 (rrp7a)|550350 (mrto4)|553241 (bms1)|553298 (trmt1)|553568 (abt1)|613144 (dkc1)|797198 (rrp8)|100003787 (nhp2)|100536352 (urb1)"
"61","green",9,"GO:0006396","RNA processing","GO|GO.BP|GO",1.0133448676793e-22,9.68747560052731e-18,4.40339800023969e-19,31,0.205298013245033,0.0229946524064171,8.92807638995842,151,151,0.36046511627907,86,"RNA processing","58024 (coil)|266990 (pwp2h)|321114 (snu13b)|321130 (nop2)|321247 (ftsj3)|321897 (gnl3)|325037 (tsr1)|326088 (ccnl1b)|334446 (heatr1)|337399 (rrs1)|337487 (pus3)|368478 (wdr75)|394081 (bysl)|402798 (qtrt2)|402808 (rrp9)|406275 (fbl)|436992 (imp4)|445162 (dimt1l)|445217 (mettl16)|445394 (wdr55)|550234 (exosc2)|550241 (rrp7a)|550350 (mrto4)|553241 (bms1)|553298 (trmt1)|553568 (abt1)|613144 (dkc1)|794079 (pdcd11)|797198 (rrp8)|100003787 (nhp2)|100536352 (urb1)"
"62","green",10,"GO:0031974","membrane-enclosed lumen","GO|GO.CC|GO",1.07028744894708e-21,1.02318409831892e-16,3.65422892256757e-18,41,0.271523178807947,0.0473262032085561,5.73726942791933,151,151,0.231638418079096,177,"membrane-enclosed lumen","30649 (psme3)|58013 (noc2l)|58024 (coil)|266990 (pwp2h)|317644 (nifk)|321114 (snu13b)|321130 (nop2)|321247 (ftsj3)|321277 (mybbp1a)|321897 (gnl3)|325603 (polr1b)|326088 (ccnl1b)|334446 (heatr1)|336470 (pak1ip1)|337399 (rrs1)|368478 (wdr75)|368737 (pa2g4a)|394081 (bysl)|402823 (bxdc2)|402856 (twistnb)|406275 (fbl)|436992 (imp4)|445162 (dimt1l)|445394 (wdr55)|494152 (nop58)|550234 (exosc2)|550241 (rrp7a)|550350 (mrto4)|550391 (mrpl12)|553241 (bms1)|553568 (abt1)|554096 (noc4l)|557849 (utp20)|559477 (aatf)|561131 (nolc1)|613144 (dkc1)|794079 (pdcd11)|797198 (rrp8)|100003787 (nhp2)|100332599 (ascc3)|100536352 (urb1)"
"63","green",11,"GO:0043233","organelle lumen","GO|GO.CC|GO",1.07028744894708e-21,1.02318409831892e-16,3.65422892256757e-18,41,0.271523178807947,0.0473262032085561,5.73726942791933,151,151,0.231638418079096,177,"organelle lumen","30649 (psme3)|58013 (noc2l)|58024 (coil)|266990 (pwp2h)|317644 (nifk)|321114 (snu13b)|321130 (nop2)|321247 (ftsj3)|321277 (mybbp1a)|321897 (gnl3)|325603 (polr1b)|326088 (ccnl1b)|334446 (heatr1)|336470 (pak1ip1)|337399 (rrs1)|368478 (wdr75)|368737 (pa2g4a)|394081 (bysl)|402823 (bxdc2)|402856 (twistnb)|406275 (fbl)|436992 (imp4)|445162 (dimt1l)|445394 (wdr55)|494152 (nop58)|550234 (exosc2)|550241 (rrp7a)|550350 (mrto4)|550391 (mrpl12)|553241 (bms1)|553568 (abt1)|554096 (noc4l)|557849 (utp20)|559477 (aatf)|561131 (nolc1)|613144 (dkc1)|794079 (pdcd11)|797198 (rrp8)|100003787 (nhp2)|100332599 (ascc3)|100536352 (urb1)"
"64","green",12,"GO:0070013","intracellular organelle lumen","GO|GO.CC|GO",1.07028744894708e-21,1.02318409831892e-16,3.65422892256757e-18,41,0.271523178807947,0.0473262032085561,5.73726942791933,151,151,0.231638418079096,177,"intracellular organelle lumen","30649 (psme3)|58013 (noc2l)|58024 (coil)|266990 (pwp2h)|317644 (nifk)|321114 (snu13b)|321130 (nop2)|321247 (ftsj3)|321277 (mybbp1a)|321897 (gnl3)|325603 (polr1b)|326088 (ccnl1b)|334446 (heatr1)|336470 (pak1ip1)|337399 (rrs1)|368478 (wdr75)|368737 (pa2g4a)|394081 (bysl)|402823 (bxdc2)|402856 (twistnb)|406275 (fbl)|436992 (imp4)|445162 (dimt1l)|445394 (wdr55)|494152 (nop58)|550234 (exosc2)|550241 (rrp7a)|550350 (mrto4)|550391 (mrpl12)|553241 (bms1)|553568 (abt1)|554096 (noc4l)|557849 (utp20)|559477 (aatf)|561131 (nolc1)|613144 (dkc1)|794079 (pdcd11)|797198 (rrp8)|100003787 (nhp2)|100332599 (ascc3)|100536352 (urb1)"
"65","green",13,"GO:0044428","nuclear part","GO|GO.CC|GO",6.50529860136081e-21,6.21900040991492e-16,2.07300013663831e-17,41,0.271523178807947,0.0494652406417112,5.48917129049579,151,151,0.221621621621622,185,"nuclear part","30649 (psme3)|58013 (noc2l)|58024 (coil)|266990 (pwp2h)|317644 (nifk)|321114 (snu13b)|321130 (nop2)|321247 (ftsj3)|321277 (mybbp1a)|321897 (gnl3)|325603 (polr1b)|326088 (ccnl1b)|334446 (heatr1)|336470 (pak1ip1)|337399 (rrs1)|368478 (wdr75)|368737 (pa2g4a)|394081 (bysl)|402823 (bxdc2)|402856 (twistnb)|406275 (fbl)|406852 (nup133)|436749 (polr3h)|436992 (imp4)|445394 (wdr55)|494152 (nop58)|550234 (exosc2)|550241 (rrp7a)|550350 (mrto4)|553241 (bms1)|553568 (abt1)|554096 (noc4l)|557849 (utp20)|559477 (aatf)|561131 (nolc1)|613144 (dkc1)|794079 (pdcd11)|797198 (rrp8)|100003787 (nhp2)|100332599 (ascc3)|100536352 (urb1)"
"66","green",14,"GO:0010467","gene expression","GO|GO.BP|GO",4.64273858862628e-20,4.43841166334084e-15,1.23289212870579e-16,56,0.370860927152318,0.1,3.70860927152318,151,151,0.149732620320856,374,"gene expression","(More than 50 overlapping genes)"
"67","green",15,"GO:0003723","RNA binding","GO|GO.MF|GO",4.95752597118659e-20,4.73934525319467e-15,1.28090412248505e-16,32,0.211920529801325,0.0296791443850267,7.14038541853111,151,151,0.288288288288288,111,"RNA binding","58024 (coil)|266989 (etf1b)|280647 (kars)|317644 (nifk)|321114 (snu13b)|321127 (ddx18)|321130 (nop2)|325037 (tsr1)|325248 (ddx31)|334271 (nufip1)|335512 (g3bp1)|337487 (pus3)|394081 (bysl)|402808 (rrp9)|406275 (fbl)|436992 (imp4)|445162 (dimt1l)|445217 (mettl16)|494152 (nop58)|550234 (exosc2)|550241 (rrp7a)|553241 (bms1)|553298 (trmt1)|553568 (abt1)|556702 (yars2)|561840 (gfm1)|568328 (naf1)|570735 (dhx30)|613021 (nol8)|613144 (dkc1)|100002463 (pprc1)|100003787 (nhp2)"
"68","green",16,"GO:0016070","RNA metabolic process","GO|GO.BP|GO",3.20918023099257e-19,3.06794420902659e-14,8.07353739217523e-16,52,0.344370860927152,0.089572192513369,3.84461796975388,151,151,0.155223880597015,335,"RNA metabolic process","(More than 50 overlapping genes)"
"69","green",17,"GO:0005634","nucleus","GO|GO.CC|GO",4.1774320540447e-19,3.99358326934619e-14,1.02399571008877e-15,68,0.450331125827815,0.152673796791444,2.94962944062351,151,151,0.119089316987741,571,"nucleus","(More than 50 overlapping genes)"
"70","green",18,"GO:1990904","ribonucleoprotein complex","GO|GO.CC|GO",1.80075970572299e-18,1.72150827107412e-13,3.91251879789572e-15,25,0.165562913907285,0.0184491978609626,8.97398982627892,151,151,0.36231884057971,69,"ribonucleoprotein complex","58013 (noc2l)|266990 (pwp2h)|321114 (snu13b)|321247 (ftsj3)|325037 (tsr1)|334446 (heatr1)|335512 (g3bp1)|337399 (rrs1)|394081 (bysl)|402808 (rrp9)|406275 (fbl)|436992 (imp4)|494152 (nop58)|550241 (rrp7a)|550350 (mrto4)|550391 (mrpl12)|553241 (bms1)|554096 (noc4l)|557849 (utp20)|568328 (naf1)|568741 (efl1)|613144 (dkc1)|794079 (pdcd11)|799538 (gemin5)|100003787 (nhp2)"
"71","green",19,"GO:0090304","nucleic acid metabolic process","GO|GO.BP|GO",2.40398497094438e-17,2.29818559237312e-12,4.69017467831248e-14,54,0.357615894039735,0.105882352941176,3.37748344370861,151,151,0.136363636363636,396,"nucleic acid metabolic process","(More than 50 overlapping genes)"
"72","green",20,"GO:0034641","cellular nitrogen compound metabolic process","GO|GO.BP|GO",1.09909283120067e-16,1.05072175569953e-11,1.87628884946344e-13,65,0.43046357615894,0.155080213903743,2.77574788764558,151,151,0.112068965517241,580,"cellular nitrogen compound metabolic process","(More than 50 overlapping genes)"
"73","green",21,"GO:0030684","preribosome","GO|GO.CC|GO",1.4383218021053e-16,1.37502125959465e-11,2.41231799928886e-13,18,0.119205298013245,0.00962566844919786,12.3841059602649,151,151,0.5,36,"preribosome","58013 (noc2l)|266990 (pwp2h)|321114 (snu13b)|321247 (ftsj3)|325037 (tsr1)|334446 (heatr1)|337399 (rrs1)|394081 (bysl)|402808 (rrp9)|406275 (fbl)|436992 (imp4)|494152 (nop58)|550241 (rrp7a)|550350 (mrto4)|553241 (bms1)|554096 (noc4l)|557849 (utp20)|794079 (pdcd11)"
"74","green",22,"GO:0043231","intracellular membrane-bounded organelle","GO|GO.CC|GO",2.14256404772221e-15,2.04826980398196e-10,3.25122191108247e-12,81,0.536423841059603,0.242780748663102,2.20949908101642,151,151,0.0892070484581498,908,"intracellular membrane-bounded organelle","(More than 50 overlapping genes)"
"75","green",23,"GO:0043227","membrane-bounded organelle","GO|GO.CC|GO",2.83778812027322e-15,2.71289706509999e-10,4.23890166421874e-12,83,0.549668874172185,0.254545454545455,2.15941343424787,151,151,0.0871848739495798,952,"membrane-bounded organelle","(More than 50 overlapping genes)"
"76","green",24,"GO:0003676","nucleic acid binding","GO|GO.MF|GO",3.16983344902146e-15,3.03032907893003e-10,4.66204473681543e-12,51,0.337748344370861,0.105882352941176,3.18984547461369,151,151,0.128787878787879,396,"nucleic acid binding","(More than 50 overlapping genes)"
"77","green",25,"GO:0006139","nucleobase-containing compound metabolic process","GO|GO.BP|GO",3.48994010042567e-15,3.33634783660594e-10,5.05507247970597e-12,57,0.377483443708609,0.13048128342246,2.89300835957008,151,151,0.116803278688525,488,"nucleobase-containing compound metabolic process","(More than 50 overlapping genes)"
"78","green",26,"GO:0044085","cellular component biogenesis","GO|GO.BP|GO",7.99391210966971e-15,7.64210003772314e-10,1.09172857681759e-11,40,0.264900662251656,0.0679144385026738,3.90050581425666,151,151,0.15748031496063,254,"cellular component biogenesis","30591 (hsp90aa1.1)|58013 (noc2l)|58024 (coil)|266990 (pwp2h)|321114 (snu13b)|321130 (nop2)|321247 (ftsj3)|321897 (gnl3)|325037 (tsr1)|334271 (nufip1)|334446 (heatr1)|336470 (pak1ip1)|337399 (rrs1)|368478 (wdr75)|394081 (bysl)|402808 (rrp9)|402823 (bxdc2)|406275 (fbl)|406449 (ptges3a)|436771 (hccsa.1)|436992 (imp4)|445162 (dimt1l)|445217 (mettl16)|445394 (wdr55)|550234 (exosc2)|550241 (rrp7a)|550350 (mrto4)|553241 (bms1)|553568 (abt1)|554096 (noc4l)|566751 (si:ch211-131k2.3)|568328 (naf1)|568741 (efl1)|570288 (flncb)|606585 (obsl1b)|613144 (dkc1)|797198 (rrp8)|100003787 (nhp2)|100329702 (ulk2)|100536352 (urb1)"
"79","green",27,"GO:0043229","intracellular organelle","GO|GO.CC|GO",8.82236612376121e-15,8.43409379065448e-10,1.15725036630219e-11,89,0.589403973509934,0.292513368983957,2.01496422388222,151,151,0.0813528336380256,1094,"intracellular organelle","(More than 50 overlapping genes)"
"80","green",28,"GO:0046483","heterocycle metabolic process","GO|GO.BP|GO",3.49083887722232e-14,3.33720705823576e-09,4.224312731944e-11,57,0.377483443708609,0.13716577540107,2.75202354672553,151,151,0.111111111111111,513,"heterocycle metabolic process","(More than 50 overlapping genes)"
"81","green",29,"GO:0043226","organelle","GO|GO.CC|GO",6.0552211117885e-14,5.78873083065869e-09,7.23591353832336e-11,89,0.589403973509934,0.301069518716578,1.95770058696905,151,151,0.0790408525754885,1126,"organelle","(More than 50 overlapping genes)"
"82","green",30,"GO:0006725","cellular aromatic compound metabolic process","GO|GO.BP|GO",6.46285814939643e-14,6.17842776224149e-09,7.62768859535987e-11,57,0.377483443708609,0.13903743315508,2.71497707590423,151,151,0.109615384615385,520,"cellular aromatic compound metabolic process","(More than 50 overlapping genes)"
"83","green",31,"GO:1901360","organic cyclic compound metabolic process","GO|GO.BP|GO",7.65974887624098e-14,7.32264332819761e-09,8.82246184120194e-11,59,0.390728476821192,0.148395721925134,2.63301712308335,151,151,0.106306306306306,555,"organic cyclic compound metabolic process","(More than 50 overlapping genes)"
"84","green",32,"GO:0043228","non-membrane-bounded organelle","GO|GO.CC|GO",3.75459612557557e-13,3.58935635008899e-08,3.9881737223211e-10,43,0.28476821192053,0.0868983957219251,3.27702496179317,151,151,0.132307692307692,325,"non-membrane-bounded organelle","30591 (hsp90aa1.1)|58013 (noc2l)|266990 (pwp2h)|317644 (nifk)|321114 (snu13b)|321130 (nop2)|321247 (ftsj3)|321277 (mybbp1a)|321897 (gnl3)|325603 (polr1b)|334446 (heatr1)|336470 (pak1ip1)|337399 (rrs1)|368478 (wdr75)|368737 (pa2g4a)|394081 (bysl)|402823 (bxdc2)|402856 (twistnb)|406275 (fbl)|406852 (nup133)|436992 (imp4)|445394 (wdr55)|494152 (nop58)|550241 (rrp7a)|550350 (mrto4)|550391 (mrpl12)|553241 (bms1)|553257 (klhl40a)|553568 (abt1)|554096 (noc4l)|557849 (utp20)|559477 (aatf)|561131 (nolc1)|564304 (cidec)|606585 (obsl1b)|613144 (dkc1)|641580 (saxo2)|794079 (pdcd11)|795319 (klhl40b)|797198 (rrp8)|799538 (gemin5)|100003787 (nhp2)|100536352 (urb1)"
"85","green",33,"GO:0043232","intracellular non-membrane-bounded organelle","GO|GO.CC|GO",3.75459612557557e-13,3.58935635008899e-08,3.9881737223211e-10,43,0.28476821192053,0.0868983957219251,3.27702496179317,151,151,0.132307692307692,325,"intracellular non-membrane-bounded organelle","30591 (hsp90aa1.1)|58013 (noc2l)|266990 (pwp2h)|317644 (nifk)|321114 (snu13b)|321130 (nop2)|321247 (ftsj3)|321277 (mybbp1a)|321897 (gnl3)|325603 (polr1b)|334446 (heatr1)|336470 (pak1ip1)|337399 (rrs1)|368478 (wdr75)|368737 (pa2g4a)|394081 (bysl)|402823 (bxdc2)|402856 (twistnb)|406275 (fbl)|406852 (nup133)|436992 (imp4)|445394 (wdr55)|494152 (nop58)|550241 (rrp7a)|550350 (mrto4)|550391 (mrpl12)|553241 (bms1)|553257 (klhl40a)|553568 (abt1)|554096 (noc4l)|557849 (utp20)|559477 (aatf)|561131 (nolc1)|564304 (cidec)|606585 (obsl1b)|613144 (dkc1)|641580 (saxo2)|794079 (pdcd11)|795319 (klhl40b)|797198 (rrp8)|799538 (gemin5)|100003787 (nhp2)|100536352 (urb1)"
"86","green",34,"GO:0044422","organelle part","GO|GO.CC|GO",2.04543005278721e-12,1.95541067616404e-07,2.01588729501448e-09,57,0.377483443708609,0.150267379679144,2.51207843322099,151,151,0.101423487544484,562,"organelle part","(More than 50 overlapping genes)"
"87","green",35,"GO:0044446","intracellular organelle part","GO|GO.CC|GO",6.44890318322855e-12,6.16508695413466e-07,6.04420289621046e-09,54,0.357615894039735,0.140641711229947,2.54274418956009,151,151,0.102661596958175,526,"intracellular organelle part","(More than 50 overlapping genes)"
"88","green",36,"GO:0044452","nucleolar part","GO|GO.CC|GO",8.08826680024343e-12,7.73230217836472e-07,7.4349059407353e-09,11,0.0728476821192053,0.00481283422459893,15.1361295069904,151,151,0.611111111111111,18,"nucleolar part","266990 (pwp2h)|321114 (snu13b)|325603 (polr1b)|334446 (heatr1)|402856 (twistnb)|406275 (fbl)|436992 (imp4)|494152 (nop58)|550241 (rrp7a)|613144 (dkc1)|100003787 (nhp2)"
"89","green",37,"GO:0043170","macromolecule metabolic process","GO|GO.BP|GO",4.97888229577395e-11,4.75976168593693e-06,4.21217848313003e-08,73,0.483443708609272,0.243048128342246,1.98908632585113,151,151,0.0803080308030803,909,"macromolecule metabolic process","(More than 50 overlapping genes)"
"90","green",38,"GO:0005622","intracellular","GO|GO.CC|GO",5.17804226192722e-11,4.9501566219798e-06,4.30448401911287e-08,97,0.642384105960265,0.384224598930481,1.6718973947748,151,151,0.0675017397355602,1437,"intracellular","(More than 50 overlapping genes)"
"91","green",39,"GO:0044424","intracellular part","GO|GO.CC|GO",5.17804226192722e-11,4.9501566219798e-06,4.30448401911287e-08,97,0.642384105960265,0.384224598930481,1.6718973947748,151,151,0.0675017397355602,1437,"intracellular part","(More than 50 overlapping genes)"
"92","green",40,"GO:1901363","heterocyclic compound binding","GO|GO.MF|GO",6.86655687144468e-11,6.5643597035324e-06,5.56301669790881e-08,69,0.456953642384106,0.223262032085562,2.0467145179839,151,151,0.0826347305389222,835,"heterocyclic compound binding","(More than 50 overlapping genes)"
"93","green",41,"GO:0071840","cellular component organization or biogenesis","GO|GO.BP|GO",1.3066605417051e-10,1.24915441126466e-05,9.99323529011725e-08,52,0.344370860927152,0.142245989304813,2.42095304486382,151,151,0.0977443609022556,532,"cellular component organization or biogenesis","(More than 50 overlapping genes)"
"94","green",42,"GO:0097159","organic cyclic compound binding","GO|GO.MF|GO",1.37096340151464e-10,1.31062730221398e-05,1.04018039858253e-07,69,0.456953642384106,0.226470588235294,2.01771738195579,151,151,0.0814639905548996,847,"organic cyclic compound binding","(More than 50 overlapping genes)"
"95","green",43,"GO:0140098","catalytic activity, acting on RNA","GO|GO.MF|GO",2.33946666524797e-10,2.23650673731041e-05,1.69432328584122e-07,16,0.105960264900662,0.0149732620320856,7.07663197729423,151,151,0.285714285714286,56,"catalytic activity, acting on RNA","280647 (kars)|321130 (nop2)|321247 (ftsj3)|325603 (polr1b)|402798 (qtrt2)|402856 (twistnb)|406275 (fbl)|436749 (polr3h)|445162 (dimt1l)|445217 (mettl16)|553298 (trmt1)|556702 (yars2)|563207 (ptrhd1)|569778 (larsb)|100002293 (endog)|100006618 (mettl2a)"
"96","green",44,"GO:0030515","snoRNA binding","GO|GO.MF|GO",2.47351026847035e-10,2.36465108155497e-05,1.76466498623505e-07,8,0.0529801324503311,0.00267379679144385,19.8145695364238,151,151,0.8,10,"snoRNA binding","325037 (tsr1)|334271 (nufip1)|394081 (bysl)|402808 (rrp9)|436992 (imp4)|494152 (nop58)|553241 (bms1)|100003787 (nhp2)"
"97","green",45,"GO:0032040","small-subunit processome","GO|GO.CC|GO",2.84210485708282e-10,2.71702382232261e-05,1.99781163406074e-07,10,0.0662251655629139,0.00481283422459893,13.7601177336277,151,151,0.555555555555556,18,"small-subunit processome","266990 (pwp2h)|321114 (snu13b)|334446 (heatr1)|402808 (rrp9)|406275 (fbl)|436992 (imp4)|494152 (nop58)|554096 (noc4l)|557849 (utp20)|794079 (pdcd11)"
"98","green",46,"GO:0006807","nitrogen compound metabolic process","GO|GO.BP|GO",1.03333670519525e-09,9.87859556799604e-05,7.05613969142574e-07,78,0.516556291390728,0.286363636363636,1.80384736676127,151,151,0.0728291316526611,1071,"nitrogen compound metabolic process","(More than 50 overlapping genes)"
"99","grey",1,"GO:0006955","immune response","GO|GO.BP|GO",1.88887241192165e-05,1,0.00514456734208827,72,0.031523642732049,0.0235294117647059,1.33975481611208,2287,2284,0.818181818181818,88,"immune response","(More than 50 overlapping genes)"
"100","grey",2,"GO:0050817","coagulation","GO|GO.BP|GO",5.03918613151656e-05,1,0.0117785123468668,20,0.00875656742556918,0.0053475935828877,1.63747810858144,2287,2284,1,20,"coagulation","282670 (f10)|282671 (f7i)|322691 (plg)|325540 (sppl2)|325881 (f2)|337315 (fgb)|359841 (serpind1)|378986 (fga)|393327 (proca)|406327 (fgg)|553472 (habp2)|554458 (zgc:100868)|558106 (prozb)|561287 (f13a1b)|567801 (serping1)|678552 (f9b)|100000935 (cpb2)|100001836 (itgb3b)|100038778 (f7l)|100073342 (f2rl1.2)"
"101","grey",3,"GO:0007596","blood coagulation","GO|GO.BP|GO",8.27850401561728e-05,1,0.0177846450649213,19,0.00831873905429072,0.00508021390374332,1.63747810858144,2287,2284,1,19,"blood coagulation","282670 (f10)|282671 (f7i)|322691 (plg)|325881 (f2)|337315 (fgb)|359841 (serpind1)|378986 (fga)|393327 (proca)|406327 (fgg)|553472 (habp2)|554458 (zgc:100868)|558106 (prozb)|561287 (f13a1b)|567801 (serping1)|678552 (f9b)|100000935 (cpb2)|100001836 (itgb3b)|100038778 (f7l)|100073342 (f2rl1.2)"
"102","grey",4,"GO:0007599","hemostasis","GO|GO.BP|GO",8.27850401561728e-05,1,0.0177846450649213,19,0.00831873905429072,0.00508021390374332,1.63747810858144,2287,2284,1,19,"hemostasis","282670 (f10)|282671 (f7i)|322691 (plg)|325881 (f2)|337315 (fgb)|359841 (serpind1)|378986 (fga)|393327 (proca)|406327 (fgg)|553472 (habp2)|554458 (zgc:100868)|558106 (prozb)|561287 (f13a1b)|567801 (serping1)|678552 (f9b)|100000935 (cpb2)|100001836 (itgb3b)|100038778 (f7l)|100073342 (f2rl1.2)"
"103","grey",5,"GO:0050878","regulation of body fluid levels","GO|GO.BP|GO",8.27850401561728e-05,1,0.0177846450649213,19,0.00831873905429072,0.00508021390374332,1.63747810858144,2287,2284,1,19,"regulation of body fluid levels","282670 (f10)|282671 (f7i)|322691 (plg)|325881 (f2)|337315 (fgb)|359841 (serpind1)|378986 (fga)|393327 (proca)|406327 (fgg)|553472 (habp2)|554458 (zgc:100868)|558106 (prozb)|561287 (f13a1b)|567801 (serping1)|678552 (f9b)|100000935 (cpb2)|100001836 (itgb3b)|100038778 (f7l)|100073342 (f2rl1.2)"
"104","grey",6,"GO:0009607","response to biotic stimulus","GO|GO.BP|GO",0.000158768995438856,1,0.031359828915205,55,0.0240805604203152,0.0179144385026738,1.34419844734297,2287,2284,0.82089552238806,67,"response to biotic stimulus","(More than 50 overlapping genes)"
"105","grey",7,"GO:0051346","negative regulation of hydrolase activity","GO|GO.BP|GO",0.000201041104299374,1,0.0391432352951443,29,0.0126970227670753,0.00855614973262032,1.48396453590193,2287,2284,0.90625,32,"negative regulation of hydrolase activity","30449 (serpinh1b)|192338 (mcm2)|321195 (serpina1l)|322485 (agt)|322701 (serpina1)|334724 (anxa1a)|335119 (serpinb1l3)|353358 (anxa1b)|359841 (serpind1)|368621 (si:busm1-57f23.1)|373102 (mcl1b)|445215 (mastl)|449808 (kng1)|494158 (anxa1c)|550268 (anxa1d)|560308 (serpinf2a)|563663 (serpinf2b)|563738 (si:ch211-284e20.8)|564060 (serpina7)|565064 (serpina10a)|566630 (si:ch211-186e20.7)|567801 (serping1)|568898 (serpinb1l2)|569558 (ahsg1)|571127 (si:ch211-262h13.5)|791587 (zgc:174259)|798311 (zgc:173729)|100003661 (si:ch1073-416d2.3)|100124610 (timp4.3)"
"106","grey",8,"GO:0043207","response to external biotic stimulus","GO|GO.BP|GO",0.000216473163791882,1,0.0417385693990716,54,0.0236427320490368,0.0176470588235294,1.33975481611208,2287,2284,0.818181818181818,66,"response to external biotic stimulus","(More than 50 overlapping genes)"
"107","grey",9,"GO:0051707","response to other organism","GO|GO.BP|GO",0.000216473163791882,1,0.0417385693990716,54,0.0236427320490368,0.0176470588235294,1.33975481611208,2287,2284,0.818181818181818,66,"response to other organism","(More than 50 overlapping genes)"
"108","grey",10,"GO:0016491","oxidoreductase activity","GO|GO.MF|GO",0.000223950693475272,1,0.0426483313656225,161,0.0704903677758319,0.0596256684491979,1.18221513668884,2287,2284,0.721973094170404,223,"oxidoreductase activity","(More than 50 overlapping genes)"
"109","red",1,"GO:0044425","membrane part","GO|GO.CC|GO",2.60221739350219e-14,2.48769380601416e-09,3.31692507468555e-11,82,0.569444444444444,0.27379679144385,2.07980685763889,144,144,0.080078125,1024,"membrane part","(More than 50 overlapping genes)"
"110","red",2,"GO:0016020","membrane","GO|GO.CC|GO",3.25269589996795e-14,3.10954475341036e-09,3.98659583770559e-11,87,0.604166666666667,0.304545454545455,1.98383084577114,144,144,0.0763827919227393,1139,"membrane","(More than 50 overlapping genes)"
"111","red",3,"GO:0031224","intrinsic component of membrane","GO|GO.CC|GO",1.96983311926853e-13,1.88314076368952e-08,2.16452961343623e-10,77,0.534722222222222,0.254010695187166,2.10511695906433,144,144,0.0810526315789474,950,"intrinsic component of membrane","(More than 50 overlapping genes)"
"112","red",4,"GO:0016021","integral component of membrane","GO|GO.CC|GO",3.8658880285287e-13,3.69575029639315e-08,4.0612640619705e-10,76,0.527777777777778,0.251336898395722,2.09988179669031,144,144,0.0808510638297872,940,"integral component of membrane","(More than 50 overlapping genes)"
"113","red",5,"GO:0015294","solute:cation symporter activity","GO|GO.MF|GO",8.23645786573121e-09,0.000787397135506038,4.95218324217634e-06,11,0.0763888888888889,0.00828877005347594,9.21594982078853,144,144,0.354838709677419,31,"solute:cation symporter activity","326030 (slc6a19b)|387592 (slc13a1)|393654 (slc5a1)|492334 (slc5a11)|503788 (slc13a5a)|559435 (slc23a1)|564815 (slc5a9)|571287 (slc28a1)|793301 (slc15a1b)|100004272 (slc15a1a)|100334171 (slc6a19a.2)"
"114","red",6,"GO:0015293","symporter activity","GO|GO.MF|GO",9.27549387187353e-08,0.00886727938657238,4.3255021397914e-05,11,0.0763888888888889,0.0101604278074866,7.51827485380117,144,144,0.289473684210526,38,"symporter activity","326030 (slc6a19b)|387592 (slc13a1)|393654 (slc5a1)|492334 (slc5a11)|503788 (slc13a5a)|559435 (slc23a1)|564815 (slc5a9)|571287 (slc28a1)|793301 (slc15a1b)|100004272 (slc15a1a)|100334171 (slc6a19a.2)"
"115","red",7,"GO:0015370","solute:sodium symporter activity","GO|GO.MF|GO",3.75958514951043e-07,0.0359412580708047,0.000145511166278562,9,0.0625,0.0072192513368984,8.65740740740741,144,144,0.333333333333333,27,"solute:sodium symporter activity","326030 (slc6a19b)|387592 (slc13a1)|393654 (slc5a1)|492334 (slc5a11)|503788 (slc13a5a)|559435 (slc23a1)|564815 (slc5a9)|571287 (slc28a1)|100334171 (slc6a19a.2)"
"116","red",8,"GO:0015291","secondary active transmembrane transporter activity","GO|GO.MF|GO",1.30292149866163e-06,0.124557992350553,0.000464768628173707,12,0.0833333333333333,0.0155080213903743,5.3735632183908,144,144,0.206896551724138,58,"secondary active transmembrane transporter activity","326030 (slc6a19b)|387592 (slc13a1)|393654 (slc5a1)|492334 (slc5a11)|503788 (slc13a5a)|541497 (slc47a1)|559435 (slc23a1)|564815 (slc5a9)|571287 (slc28a1)|793301 (slc15a1b)|100004272 (slc15a1a)|100334171 (slc6a19a.2)"
"117","red",9,"GO:0022804","active transmembrane transporter activity","GO|GO.MF|GO",1.93038663444863e-06,0.184543031866654,0.000666220331648571,14,0.0972222222222222,0.0219251336898396,4.43428184281843,144,144,0.170731707317073,82,"active transmembrane transporter activity","326030 (slc6a19b)|387592 (slc13a1)|393654 (slc5a1)|492334 (slc5a11)|503788 (slc13a5a)|541497 (slc47a1)|559435 (slc23a1)|564815 (slc5a9)|571287 (slc28a1)|793301 (slc15a1b)|797269 (abcb11a)|100004272 (slc15a1a)|100136865 (abcb4)|100334171 (slc6a19a.2)"
"118","red",10,"GO:0005886","plasma membrane","GO|GO.CC|GO",3.50607770370604e-06,0.335177522396593,0.00114999423093067,34,0.236111111111111,0.105882352941176,2.22993827160494,144,144,0.0858585858585859,396,"plasma membrane","81591 (cldn15la)|322533 (anpepb)|326030 (slc6a19b)|393654 (slc5a1)|406207 (mttp)|436636 (cd36)|436919 (ada)|492331 (ace2)|492334 (slc5a11)|492358 (cx28.9)|492780 (bin2a)|493602 (asah2)|550432 (slc27a4)|555401 (aoc1)|556933 (zgc:123244)|558452 (anpepa)|558964 (sec14l8)|559435 (slc23a1)|560649 (si:ch211-214p16.3)|563016 (zgc:154006)|564412 (ush1c)|564815 (slc5a9)|565980 (ace)|571287 (slc28a1)|678537 (xkr9)|767734 (ptk6b)|793301 (slc15a1b)|793963 (adgrg4a)|797269 (abcb11a)|798836 (tspan13a)|100004272 (slc15a1a)|100005630 (cpo)|100136865 (abcb4)|101886483 (cdhr5b)"
"119","turquoise",1,"GO:0031012","extracellular matrix","GO|GO.CC|GO",3.41535636542982e-34,3.26504653178725e-29,3.26504653178725e-29,57,0.145408163265306,0.0245989304812834,5.91115794143744,392,392,0.619565217391304,92,"extracellular matrix","(More than 50 overlapping genes)"
"120","turquoise",2,"GO:0016043","cellular component organization","GO|GO.BP|GO",3.24671344088284e-24,3.10382558234958e-19,2.21701827310684e-20,123,0.313775510204082,0.13048128342246,2.40475493476079,392,392,0.252049180327869,488,"cellular component organization","(More than 50 overlapping genes)"
"121","turquoise",3,"GO:0062023","collagen-containing extracellular matrix","GO|GO.CC|GO",1.16421330438519e-22,1.1129762768592e-17,4.83902729069216e-19,33,0.0841836734693878,0.0125668449197861,6.69887103777681,392,392,0.702127659574468,47,"collagen-containing extracellular matrix","30037 (tnc)|30208 (cmn)|30234 (tnn)|252849 (thbs3a)|321212 (col9a2)|321357 (sparc)|325675 (col1a1b)|336471 (col1a2)|337158 (col1a1a)|403023 (matn1)|415149 (lum)|445503 (matn3a)|497348 (matn4)|497398 (si:ch1073-291c23.1)|553503 (fbln2)|555202 (col11a1b)|558461 (elnb)|558919 (col10a1a)|563353 (si:ch211-106n13.3)|563429 (thbs4a)|567110 (col9a3)|567771 (col6a2)|569755 (col6a1)|569971 (lama1)|571786 (fbn2b)|100005469 (fn1a)|100149543 (col12a1a)|100332562 (col7a1)|100334431 (col5a1)|100334893 (col18a1b)|100463515 (col5a3b)|100535241 (thbs2a)|100536295 (tnxba)"
"122","turquoise",4,"GO:0030198","extracellular matrix organization","GO|GO.BP|GO",1.34620778064878e-22,1.28696117622242e-17,5.3623382342601e-19,36,0.0918367346938776,0.0149732620320856,6.13338192419825,392,392,0.642857142857143,56,"extracellular matrix organization","30240 (fbln1)|321212 (col9a2)|321421 (tgfbi)|323561 (col4a5)|325675 (col1a1b)|336266 (loxl3b)|336471 (col1a2)|337158 (col1a1a)|337176 (postnb)|337179 (mmp2)|378983 (postna)|415149 (lum)|503730 (col2a1b)|541546 (zgc:113232)|553503 (fbln2)|554268 (col4a6)|555202 (col11a1b)|557795 (col8a1a)|558224 (ecm2)|558919 (col10a1a)|559428 (ddr2b)|561679 (col11a2)|562496 (col2a1a)|562517 (anln)|565032 (hmcn2)|567110 (col9a3)|777635 (plod1a)|100006366 (col5a2b)|100170785 (col9a1a)|100170811 (si:dkey-6n6.1)|100294690 (col28a2a)|100320658 (loxl4)|100334431 (col5a1)|100334893 (col18a1b)|100463515 (col5a3b)|100536295 (tnxba)"
"123","turquoise",5,"GO:0005576","extracellular region","GO|GO.CC|GO",4.62421348510869e-22,4.42070184962905e-17,1.76828073985162e-18,90,0.229591836734694,0.0823529411764706,2.78790087463557,392,392,0.292207792207792,308,"extracellular region","(More than 50 overlapping genes)"
"124","turquoise",6,"GO:0048856","anatomical structure development","GO|GO.BP|GO",2.998812453624e-21,2.86683471754e-16,9.88563695703449e-18,131,0.334183673469388,0.154545454545455,2.16236494597839,392,392,0.226643598615917,578,"anatomical structure development","(More than 50 overlapping genes)"
"125","turquoise",7,"GO:0044421","extracellular region part","GO|GO.CC|GO",9.28618625724457e-21,8.87750120006323e-16,2.86371006453653e-17,76,0.193877551020408,0.0644385026737968,3.0087221610636,392,392,0.315352697095436,241,"extracellular region part","(More than 50 overlapping genes)"
"126","turquoise",8,"GO:0071840","cellular component organization or biogenesis","GO|GO.BP|GO",1.39330075681187e-20,1.33198159050458e-15,4.16244247032681e-17,123,0.313775510204082,0.142245989304813,2.20586542887832,392,392,0.231203007518797,532,"cellular component organization or biogenesis","(More than 50 overlapping genes)"
"127","turquoise",9,"GO:0043062","extracellular structure organization","GO|GO.BP|GO",3.0481688232077e-20,2.91401891329833e-15,8.53187320346896e-17,37,0.0943877551020408,0.0176470588235294,5.34863945578231,392,392,0.560606060606061,66,"extracellular structure organization","30240 (fbln1)|321212 (col9a2)|321421 (tgfbi)|323561 (col4a5)|325675 (col1a1b)|336266 (loxl3b)|336471 (col1a2)|337158 (col1a1a)|337176 (postnb)|337179 (mmp2)|378983 (postna)|415149 (lum)|503730 (col2a1b)|541546 (zgc:113232)|553503 (fbln2)|554268 (col4a6)|555202 (col11a1b)|557795 (col8a1a)|558224 (ecm2)|558919 (col10a1a)|559428 (ddr2b)|561679 (col11a2)|562496 (col2a1a)|562517 (anln)|565032 (hmcn2)|567110 (col9a3)|777635 (plod1a)|100006366 (col5a2b)|100101640 (apoa1b)|100170785 (col9a1a)|100170811 (si:dkey-6n6.1)|100294690 (col28a2a)|100320658 (loxl4)|100334431 (col5a1)|100334893 (col18a1b)|100463515 (col5a3b)|100536295 (tnxba)"
"128","turquoise",10,"GO:0032502","developmental process","GO|GO.BP|GO",3.12362641995642e-20,2.98615562121414e-15,8.53187320346896e-17,133,0.339285714285714,0.162032085561497,2.09394153701084,392,392,0.219471947194719,606,"developmental process","(More than 50 overlapping genes)"
"129","turquoise",11,"GO:0007049","cell cycle","GO|GO.BP|GO",9.66049577425205e-19,9.23533735522722e-14,2.19888984648267e-15,52,0.13265306122449,0.0358288770053476,3.7024063356686,392,392,0.388059701492537,134,"cell cycle","(More than 50 overlapping genes)"
"130","turquoise",12,"GO:0005581","collagen trimer","GO|GO.CC|GO",2.11881082241879e-18,2.02556195812414e-13,4.50124879583141e-15,24,0.0612244897959184,0.00828877005347594,7.38643844634628,392,392,0.774193548387097,31,"collagen trimer","321212 (col9a2)|323561 (col4a5)|325675 (col1a1b)|336471 (col1a2)|337158 (col1a1a)|406548 (col9a1b)|503730 (col2a1b)|554268 (col4a6)|555202 (col11a1b)|557795 (col8a1a)|558919 (col10a1a)|559516 (col7a1l)|561679 (col11a2)|562496 (col2a1a)|565402 (col11a1a)|566473 (emilin1a)|567110 (col9a3)|777635 (plod1a)|100149543 (col12a1a)|100170785 (col9a1a)|100294690 (col28a2a)|100334431 (col5a1)|100334893 (col18a1b)|100463515 (col5a3b)"
"131","turquoise",13,"GO:0005201","extracellular matrix structural constituent","GO|GO.MF|GO",3.42952047057072e-18,3.2785872746609e-13,7.12736364056718e-15,25,0.0637755102040816,0.00909090909090909,7.01530612244898,392,392,0.735294117647059,34,"extracellular matrix structural constituent","321212 (col9a2)|323561 (col4a5)|325675 (col1a1b)|336471 (col1a2)|337158 (col1a1a)|403023 (matn1)|503730 (col2a1b)|541546 (zgc:113232)|554268 (col4a6)|555202 (col11a1b)|557795 (col8a1a)|558461 (elnb)|558919 (col10a1a)|561679 (col11a2)|562496 (col2a1a)|565402 (col11a1a)|567110 (col9a3)|569971 (lama1)|571786 (fbn2b)|100006366 (col5a2b)|100170785 (col9a1a)|100294690 (col28a2a)|100334431 (col5a1)|100334893 (col18a1b)|100463515 (col5a3b)"
"132","turquoise",14,"GO:0007275","multicellular organism development","GO|GO.BP|GO",5.42973392271049e-18,5.190771332772e-13,1.10441943250468e-14,118,0.301020408163265,0.142513368983957,2.11222575334074,392,392,0.221388367729831,533,"multicellular organism development","(More than 50 overlapping genes)"
"133","turquoise",15,"GO:0032501","multicellular organismal process","GO|GO.BP|GO",9.1888504816606e-18,8.78444917196272e-13,1.83009357749223e-14,139,0.354591836734694,0.183689839572193,1.93038350711464,392,392,0.202328966521106,687,"multicellular organismal process","(More than 50 overlapping genes)"
"134","turquoise",16,"GO:0048731","system development","GO|GO.BP|GO",3.44814432866919e-17,3.29639149676446e-12,6.59278299352891e-14,107,0.272959183673469,0.125401069518717,2.17668943910187,392,392,0.228144989339019,469,"system development","(More than 50 overlapping genes)"
"135","turquoise",17,"GO:0000278","mitotic cell cycle","GO|GO.BP|GO",8.56440054134713e-17,8.18748127352244e-12,1.51620023583749e-13,38,0.0969387755102041,0.022192513368984,4.36808458323088,392,392,0.457831325301205,83,"mitotic cell cycle","30453 (kifc1)|30627 (kif23)|57925 (cdc25b)|80973 (cdk1)|192295 (ccna2)|195818 (kif11)|280649 (plk1)|317740 (pola1)|317763 (ttk)|321283 (tacc3)|323197 (racgap1)|323733 (top2a)|325449 (kif20a)|386701 (tubb5)|393280 (nuf2)|393796 (kif4)|406285 (chaf1b)|415165 (ccne2)|436999 (wdhd1)|445386 (ndc80)|445390 (mybl2b)|445395 (esco2)|492707 (ncapg)|553405 (pole)|554173 (aspm)|556493 (ncapd3)|562517 (anln)|565952 (e2f8)|567446 (nusap1)|570062 (ncaph)|572121 (incenp)|573122 (tuba1c)|573216 (tuba1a)|767746 (zgc:153426)|767754 (cenpe)|100307076 (bub1)|100334259 (cntrl)|107966129 (tpx2)"
"136","turquoise",18,"GO:0099080","supramolecular complex","GO|GO.CC|GO",7.03237516870922e-15,6.72288033753432e-10,9.88658873166812e-12,41,0.104591836734694,0.0283422459893048,3.69031574894109,392,392,0.386792452830189,106,"supramolecular complex","30259 (prph)|30453 (kifc1)|30627 (kif23)|58082 (tnnc2)|58084 (tnnt3a)|114410 (casq2)|195818 (kif11)|324244 (tpm4b)|325449 (kif20a)|325675 (col1a1b)|336471 (col1a2)|337158 (col1a1a)|353248 (tnnt2c)|386701 (tubb5)|393530 (mybpha)|393796 (kif4)|415175 (tnnc1b)|445226 (casq1a)|449979 (kif20ba)|553371 (krtt1c19e)|555202 (col11a1b)|558461 (elnb)|558919 (col10a1a)|561788 (kif22)|563946 (zgc:136930)|565032 (hmcn2)|566445 (si:dkey-183i3.5)|567446 (nusap1)|573122 (tuba1c)|573216 (tuba1a)|573988 (kif15)|641421 (tubb2b)|767746 (zgc:153426)|767754 (cenpe)|797351 (krt5)|100002038 (si:rp71-17i16.4)|100136875 (kif2c)|100144770 (myom1b)|100334431 (col5a1)|100463515 (col5a3b)|107966129 (tpx2)"
"137","turquoise",19,"GO:0099081","supramolecular polymer","GO|GO.CC|GO",7.03237516870922e-15,6.72288033753432e-10,9.88658873166812e-12,41,0.104591836734694,0.0283422459893048,3.69031574894109,392,392,0.386792452830189,106,"supramolecular polymer","30259 (prph)|30453 (kifc1)|30627 (kif23)|58082 (tnnc2)|58084 (tnnt3a)|114410 (casq2)|195818 (kif11)|324244 (tpm4b)|325449 (kif20a)|325675 (col1a1b)|336471 (col1a2)|337158 (col1a1a)|353248 (tnnt2c)|386701 (tubb5)|393530 (mybpha)|393796 (kif4)|415175 (tnnc1b)|445226 (casq1a)|449979 (kif20ba)|553371 (krtt1c19e)|555202 (col11a1b)|558461 (elnb)|558919 (col10a1a)|561788 (kif22)|563946 (zgc:136930)|565032 (hmcn2)|566445 (si:dkey-183i3.5)|567446 (nusap1)|573122 (tuba1c)|573216 (tuba1a)|573988 (kif15)|641421 (tubb2b)|767746 (zgc:153426)|767754 (cenpe)|797351 (krt5)|100002038 (si:rp71-17i16.4)|100136875 (kif2c)|100144770 (myom1b)|100334431 (col5a1)|100463515 (col5a3b)|107966129 (tpx2)"
"138","turquoise",20,"GO:0009888","tissue development","GO|GO.BP|GO",8.11406859259219e-15,7.7569684338322e-10,1.09253076532848e-11,63,0.160714285714286,0.0590909090909091,2.71978021978022,392,392,0.285067873303167,221,"tissue development","(More than 50 overlapping genes)"
"139","turquoise",21,"GO:0001501","skeletal system development","GO|GO.BP|GO",8.83683686440862e-15,8.447927674006e-10,1.15725036630219e-11,30,0.076530612244898,0.0160427807486631,4.77040816326531,392,392,0.5,60,"skeletal system development","30208 (cmn)|321357 (sparc)|323201 (marcksb)|323465 (vcanb)|325675 (col1a1b)|336266 (loxl3b)|336471 (col1a2)|337158 (col1a1a)|403023 (matn1)|405789 (sp7)|405870 (ucmab)|445503 (matn3a)|493635 (hapln1a)|497348 (matn4)|497398 (si:ch1073-291c23.1)|503730 (col2a1b)|554102 (marcksa)|561679 (col11a2)|561751 (snorc)|562496 (col2a1a)|563353 (si:ch211-106n13.3)|567771 (col6a2)|569755 (col6a1)|791772 (cnmd)|794092 (ccn6)|794315 (and1)|100005469 (fn1a)|100149543 (col12a1a)|100332039 (enpp2)|100332562 (col7a1)"
"140","turquoise",22,"GO:0040007","growth","GO|GO.BP|GO",1.52373323568729e-14,1.4566737359847e-09,1.96847802160094e-11,34,0.086734693877551,0.0205882352941176,4.21282798833819,392,392,0.441558441558442,77,"growth","30037 (tnc)|30259 (prph)|30466 (ascl1a)|30592 (myl7)|30608 (gap43)|317763 (ttk)|322012 (hmmr)|322921 (nid2a)|323561 (col4a5)|337158 (col1a1a)|368390 (plk4)|386701 (tubb5)|402941 (insm1a)|403023 (matn1)|445395 (esco2)|445503 (matn3a)|493635 (hapln1a)|497348 (matn4)|497398 (si:ch1073-291c23.1)|553412 (dpysl2b)|554268 (col4a6)|558344 (chd4a)|558919 (col10a1a)|560860 (wfdc1)|563353 (si:ch211-106n13.3)|563644 (kdm6bb)|567771 (col6a2)|569755 (col6a1)|573988 (kif15)|768133 (ezh2)|797351 (krt5)|100000101 (kazald3)|100149543 (col12a1a)|100332562 (col7a1)"
"141","turquoise",23,"GO:0048589","developmental growth","GO|GO.BP|GO",2.81248472666345e-14,2.68870727384299e-09,3.50596189493931e-11,32,0.0816326530612245,0.018716577540107,4.36151603498542,392,392,0.457142857142857,70,"developmental growth","30037 (tnc)|30259 (prph)|30466 (ascl1a)|30592 (myl7)|30608 (gap43)|317763 (ttk)|322012 (hmmr)|322921 (nid2a)|323561 (col4a5)|337158 (col1a1a)|368390 (plk4)|386701 (tubb5)|402941 (insm1a)|403023 (matn1)|445395 (esco2)|445503 (matn3a)|493635 (hapln1a)|497348 (matn4)|497398 (si:ch1073-291c23.1)|553412 (dpysl2b)|554268 (col4a6)|558344 (chd4a)|558919 (col10a1a)|563353 (si:ch211-106n13.3)|563644 (kdm6bb)|567771 (col6a2)|569755 (col6a1)|573988 (kif15)|768133 (ezh2)|797351 (krt5)|100149543 (col12a1a)|100332562 (col7a1)"
"142","turquoise",24,"GO:0099512","supramolecular fiber","GO|GO.CC|GO",2.82386913995258e-14,2.69959065910327e-09,3.50596189493931e-11,40,0.102040816326531,0.0280748663101604,3.63459669582119,392,392,0.380952380952381,105,"supramolecular fiber","30259 (prph)|30453 (kifc1)|30627 (kif23)|58082 (tnnc2)|58084 (tnnt3a)|114410 (casq2)|195818 (kif11)|324244 (tpm4b)|325449 (kif20a)|325675 (col1a1b)|336471 (col1a2)|337158 (col1a1a)|353248 (tnnt2c)|386701 (tubb5)|393530 (mybpha)|393796 (kif4)|415175 (tnnc1b)|445226 (casq1a)|449979 (kif20ba)|553371 (krtt1c19e)|555202 (col11a1b)|558461 (elnb)|561788 (kif22)|563946 (zgc:136930)|565032 (hmcn2)|566445 (si:dkey-183i3.5)|567446 (nusap1)|573122 (tuba1c)|573216 (tuba1a)|573988 (kif15)|641421 (tubb2b)|767746 (zgc:153426)|767754 (cenpe)|797351 (krt5)|100002038 (si:rp71-17i16.4)|100136875 (kif2c)|100144770 (myom1b)|100334431 (col5a1)|100463515 (col5a3b)|107966129 (tpx2)"
"143","turquoise",25,"GO:0022402","cell cycle process","GO|GO.BP|GO",6.81600753418872e-14,6.51603504260908e-09,7.94638419830375e-11,36,0.0918367346938776,0.0237967914438503,3.85920660398991,392,392,0.404494382022472,89,"cell cycle process","30453 (kifc1)|30627 (kif23)|57925 (cdc25b)|80973 (cdk1)|192295 (ccna2)|195818 (kif11)|280649 (plk1)|317740 (pola1)|317763 (ttk)|321283 (tacc3)|323197 (racgap1)|323733 (top2a)|325449 (kif20a)|327226 (knl1)|368390 (plk4)|393280 (nuf2)|393796 (kif4)|402941 (insm1a)|415165 (ccne2)|445386 (ndc80)|445395 (esco2)|445406 (ect2)|492707 (ncapg)|552931 (cetn3)|554173 (aspm)|556493 (ncapd3)|562517 (anln)|565952 (e2f8)|567446 (nusap1)|567619 (si:dkey-25o16.4)|570062 (ncaph)|572121 (incenp)|767754 (cenpe)|797406 (espl1)|100307076 (bub1)|107966129 (tpx2)"
"144","turquoise",26,"GO:0009653","anatomical structure morphogenesis","GO|GO.BP|GO",1.03042881166024e-13,9.85079639659068e-09,1.17271385673699e-10,68,0.173469387755102,0.0700534759358289,2.47624240535909,392,392,0.259541984732824,262,"anatomical structure morphogenesis","(More than 50 overlapping genes)"
"145","turquoise",27,"GO:0030154","cell differentiation","GO|GO.BP|GO",1.2993228769626e-13,1.24213967714748e-08,1.44434846179939e-10,73,0.186224489795918,0.0786096256684492,2.36897820352631,392,392,0.248299319727891,294,"cell differentiation","(More than 50 overlapping genes)"
"146","turquoise",28,"GO:0048869","cellular developmental process","GO|GO.BP|GO",3.97646518889504e-13,3.80146095593177e-08,4.13202277818671e-10,73,0.186224489795918,0.0802139037433155,2.32159863945578,392,392,0.243333333333333,300,"cellular developmental process","(More than 50 overlapping genes)"
"147","turquoise",29,"GO:0048468","cell development","GO|GO.BP|GO",7.55199283805677e-13,7.21962963325389e-08,7.76304261640203e-10,51,0.130102040816327,0.0459893048128342,2.82896298054105,392,392,0.296511627906977,172,"cell development","(More than 50 overlapping genes)"
"148","turquoise",30,"GO:0000904","cell morphogenesis involved in differentiation","GO|GO.BP|GO",1.81288798551796e-12,1.73310278527531e-07,1.84372636731416e-09,28,0.0714285714285714,0.0165775401069519,4.30875576036866,392,392,0.451612903225806,62,"cell morphogenesis involved in differentiation","30037 (tnc)|30608 (gap43)|323201 (marcksb)|323561 (col4a5)|324416 (dpysl5a)|337179 (mmp2)|403023 (matn1)|445503 (matn3a)|497348 (matn4)|497398 (si:ch1073-291c23.1)|553412 (dpysl2b)|553756 (crmp1)|554268 (col4a6)|556984 (tnmd)|561788 (kif22)|562496 (col2a1a)|563353 (si:ch211-106n13.3)|564005 (col6a4a)|565952 (e2f8)|567771 (col6a2)|569128 (ccdc80l1)|569755 (col6a1)|569971 (lama1)|573988 (kif15)|791772 (cnmd)|100005469 (fn1a)|100149543 (col12a1a)|100332562 (col7a1)"
"149","turquoise",31,"GO:0098813","nuclear chromosome segregation","GO|GO.BP|GO",1.98437421230305e-12,1.89704190321959e-07,1.99688621391536e-09,16,0.0408163265306122,0.00561497326203209,7.26919339164237,392,392,0.761904761904762,21,"nuclear chromosome segregation","30627 (kif23)|317763 (ttk)|323733 (top2a)|327226 (knl1)|393280 (nuf2)|445386 (ndc80)|445395 (esco2)|492707 (ncapg)|556493 (ncapd3)|567446 (nusap1)|567619 (si:dkey-25o16.4)|570062 (ncaph)|572121 (incenp)|767754 (cenpe)|797406 (espl1)|100307076 (bub1)"
"150","turquoise",32,"GO:0005615","extracellular space","GO|GO.CC|GO",5.16523998732508e-12,4.93791777548291e-07,4.98779573281102e-09,55,0.14030612244898,0.0542780748663102,2.58495023625214,392,392,0.270935960591133,203,"extracellular space","(More than 50 overlapping genes)"
"151","turquoise",33,"GO:0005198","structural molecule activity","GO|GO.MF|GO",6.36058812388176e-12,6.08065864054972e-07,6.04420289621046e-09,39,0.0994897959183673,0.0310160427807487,3.20768824771288,392,392,0.336206896551724,116,"structural molecule activity","30259 (prph)|321212 (col9a2)|323561 (col4a5)|325675 (col1a1b)|336471 (col1a2)|337158 (col1a1a)|386701 (tubb5)|393530 (mybpha)|403023 (matn1)|450023 (cldn5b)|503730 (col2a1b)|541546 (zgc:113232)|553371 (krtt1c19e)|554268 (col4a6)|555202 (col11a1b)|557795 (col8a1a)|558461 (elnb)|558919 (col10a1a)|561679 (col11a2)|562496 (col2a1a)|563946 (zgc:136930)|565032 (hmcn2)|565402 (col11a1a)|566445 (si:dkey-183i3.5)|567110 (col9a3)|569971 (lama1)|571786 (fbn2b)|573122 (tuba1c)|573216 (tuba1a)|641421 (tubb2b)|767746 (zgc:153426)|797351 (krt5)|100006366 (col5a2b)|100144770 (myom1b)|100170785 (col9a1a)|100294690 (col28a2a)|100334431 (col5a1)|100334893 (col18a1b)|100463515 (col5a3b)"
"152","turquoise",34,"GO:0048513","animal organ development","GO|GO.BP|GO",6.39192399258115e-12,6.11061541766766e-07,6.04420289621046e-09,81,0.206632653061224,0.0986631016042781,2.09432553509209,392,392,0.219512195121951,369,"animal organ development","(More than 50 overlapping genes)"
"153","turquoise",35,"GO:0032989","cellular component morphogenesis","GO|GO.BP|GO",8.17012921678281e-12,7.8105618299522e-07,7.43863031424019e-09,35,0.0892857142857143,0.0259358288770053,3.44256259204713,392,392,0.360824742268041,97,"cellular component morphogenesis","30037 (tnc)|30592 (myl7)|30608 (gap43)|58084 (tnnt3a)|323201 (marcksb)|323561 (col4a5)|324416 (dpysl5a)|337179 (mmp2)|353248 (tnnt2c)|393530 (mybpha)|403023 (matn1)|445503 (matn3a)|497348 (matn4)|497398 (si:ch1073-291c23.1)|553411 (dpysl4)|553412 (dpysl2b)|553756 (crmp1)|554268 (col4a6)|556984 (tnmd)|561788 (kif22)|562496 (col2a1a)|563353 (si:ch211-106n13.3)|564005 (col6a4a)|565032 (hmcn2)|565952 (e2f8)|567771 (col6a2)|569128 (ccdc80l1)|569755 (col6a1)|569971 (lama1)|573988 (kif15)|791772 (cnmd)|100005469 (fn1a)|100144770 (myom1b)|100149543 (col12a1a)|100332562 (col7a1)"
"154","turquoise",36,"GO:0051216","cartilage development","GO|GO.BP|GO",1.88119631157471e-11,1.79840486190231e-06,1.6966083602852e-08,18,0.0459183673469388,0.00775401069518717,5.92188599577762,392,392,0.620689655172414,29,"cartilage development","321357 (sparc)|323201 (marcksb)|403023 (matn1)|445503 (matn3a)|497348 (matn4)|497398 (si:ch1073-291c23.1)|554102 (marcksa)|561679 (col11a2)|561751 (snorc)|563353 (si:ch211-106n13.3)|567771 (col6a2)|569755 (col6a1)|791772 (cnmd)|794092 (ccn6)|794315 (and1)|100149543 (col12a1a)|100332039 (enpp2)|100332562 (col7a1)"
"155","turquoise",37,"GO:0007059","chromosome segregation","GO|GO.BP|GO",1.95819940510847e-11,1.87201904928965e-06,1.74955051335481e-08,16,0.0408163265306122,0.00614973262032086,6.63708961845608,392,392,0.695652173913043,23,"chromosome segregation","30627 (kif23)|317763 (ttk)|323733 (top2a)|327226 (knl1)|393280 (nuf2)|445386 (ndc80)|445395 (esco2)|492707 (ncapg)|556493 (ncapd3)|567446 (nusap1)|567619 (si:dkey-25o16.4)|570062 (ncaph)|572121 (incenp)|767754 (cenpe)|797406 (espl1)|100307076 (bub1)"
"156","turquoise",38,"GO:0031099","regeneration","GO|GO.BP|GO",2.11141515113408e-11,2.01849177033267e-06,1.86897386141914e-08,22,0.0561224489795918,0.0114973262032086,4.88134788799241,392,392,0.511627906976744,43,"regeneration","30037 (tnc)|30239 (neurog1)|30259 (prph)|30466 (ascl1a)|30608 (gap43)|317763 (ttk)|322012 (hmmr)|322921 (nid2a)|323733 (top2a)|337158 (col1a1a)|386701 (tubb5)|402941 (insm1a)|406350 (uhrf1)|445395 (esco2)|493635 (hapln1a)|553412 (dpysl2b)|558344 (chd4a)|558919 (col10a1a)|563644 (kdm6bb)|768133 (ezh2)|797351 (krt5)|100149543 (col12a1a)"
"157","turquoise",39,"GO:0061448","connective tissue development","GO|GO.BP|GO",4.25555784448832e-11,4.06827074375239e-06,3.66510877815531e-08,18,0.0459183673469388,0.00802139037433155,5.72448979591837,392,392,0.6,30,"connective tissue development","321357 (sparc)|323201 (marcksb)|403023 (matn1)|445503 (matn3a)|497348 (matn4)|497398 (si:ch1073-291c23.1)|554102 (marcksa)|561679 (col11a2)|561751 (snorc)|563353 (si:ch211-106n13.3)|567771 (col6a2)|569755 (col6a1)|791772 (cnmd)|794092 (ccn6)|794315 (and1)|100149543 (col12a1a)|100332039 (enpp2)|100332562 (col7a1)"
"158","turquoise",40,"GO:0000819","sister chromatid segregation","GO|GO.BP|GO",6.39888654382634e-11,6.11727154703254e-06,5.22843721968593e-08,13,0.0331632653061225,0.00427807486631016,7.75191326530612,392,392,0.8125,16,"sister chromatid segregation","30627 (kif23)|317763 (ttk)|323733 (top2a)|393280 (nuf2)|445386 (ndc80)|445395 (esco2)|492707 (ncapg)|556493 (ncapd3)|567446 (nusap1)|570062 (ncaph)|572121 (incenp)|767754 (cenpe)|100307076 (bub1)"
"159","turquoise",41,"GO:0051301","cell division","GO|GO.BP|GO",9.1193058724368e-11,8.71796522099086e-06,7.26497101749238e-08,20,0.0510204081632653,0.0101604278074866,5.02148227712138,392,392,0.526315789473684,38,"cell division","30627 (kif23)|80973 (cdk1)|280649 (plk1)|317763 (ttk)|323197 (racgap1)|325449 (kif20a)|393280 (nuf2)|406353 (cdc20)|445386 (ndc80)|445406 (ect2)|556493 (ncapd3)|561487 (si:ch211-244o22.2)|562517 (anln)|565952 (e2f8)|567446 (nusap1)|567619 (si:dkey-25o16.4)|570062 (ncaph)|572121 (incenp)|100005291 (ercc6l)|100334259 (cntrl)"
"160","turquoise",42,"GO:0007017","microtubule-based process","GO|GO.BP|GO",9.74032384382095e-11,9.31165219145439e-06,7.69558032351602e-08,28,0.0714285714285714,0.0189839572192513,3.7625754527163,392,392,0.394366197183099,71,"microtubule-based process","30453 (kifc1)|30627 (kif23)|195818 (kif11)|321283 (tacc3)|323197 (racgap1)|325449 (kif20a)|368390 (plk4)|386701 (tubb5)|393280 (nuf2)|393796 (kif4)|445386 (ndc80)|449979 (kif20ba)|552931 (cetn3)|553756 (crmp1)|554173 (aspm)|561788 (kif22)|567446 (nusap1)|573122 (tuba1c)|573216 (tuba1a)|573988 (kif15)|641421 (tubb2b)|678630 (stmn1a)|767746 (zgc:153426)|767754 (cenpe)|100003563 (stmn2b)|100007502 (kif20bb)|100136875 (kif2c)|107966129 (tpx2)"
"161","turquoise",43,"GO:0044430","cytoskeletal part","GO|GO.CC|GO",1.54153699101416e-10,1.47369394803962e-05,1.16038893546427e-07,41,0.104591836734694,0.0368983957219251,2.83459035788228,392,392,0.297101449275362,138,"cytoskeletal part","30259 (prph)|30453 (kifc1)|30627 (kif23)|58082 (tnnc2)|58084 (tnnt3a)|80973 (cdk1)|195818 (kif11)|280649 (plk1)|317763 (ttk)|324244 (tpm4b)|325449 (kif20a)|353248 (tnnt2c)|368390 (plk4)|386701 (tubb5)|393530 (mybpha)|393796 (kif4)|394048 (h2afx)|415165 (ccne2)|415175 (tnnc1b)|415190 (zgc:86896)|449979 (kif20ba)|552931 (cetn3)|553371 (krtt1c19e)|561788 (kif22)|562517 (anln)|563946 (zgc:136930)|565032 (hmcn2)|566445 (si:dkey-183i3.5)|567446 (nusap1)|573122 (tuba1c)|573216 (tuba1a)|573988 (kif15)|641421 (tubb2b)|767746 (zgc:153426)|767754 (cenpe)|797351 (krt5)|797406 (espl1)|100002038 (si:rp71-17i16.4)|100136875 (kif2c)|100144770 (myom1b)|107966129 (tpx2)"
"162","turquoise",44,"GO:0007399","nervous system development","GO|GO.BP|GO",1.58081428879405e-10,1.51124265194423e-05,1.18065832183143e-07,47,0.119897959183673,0.0459893048128342,2.60708353108685,392,392,0.273255813953488,172,"nervous system development","30037 (tnc)|30131 (dla)|30141 (dlb)|30239 (neurog1)|30394 (dbx1a)|30416 (dbx1b)|30466 (ascl1a)|30478 (ascl1b)|30608 (gap43)|117510 (sfrp5)|171480 (crabp2a)|195818 (kif11)|321283 (tacc3)|323201 (marcksb)|323465 (vcanb)|323561 (col4a5)|324416 (dpysl5a)|336266 (loxl3b)|337179 (mmp2)|402941 (insm1a)|447800 (serpinf1)|493635 (hapln1a)|497403 (cenpf)|553411 (dpysl4)|553412 (dpysl2b)|553756 (crmp1)|554102 (marcksa)|554268 (col4a6)|557795 (col8a1a)|561788 (kif22)|562496 (col2a1a)|564005 (col6a4a)|565952 (e2f8)|566219 (dpf1)|567771 (col6a2)|569128 (ccdc80l1)|569971 (lama1)|573216 (tuba1a)|573988 (kif15)|678630 (stmn1a)|791762 (ecrg4a)|100003563 (stmn2b)|100005469 (fn1a)|100037317 (cdnf)|100149543 (col12a1a)|100329456 (igsf10)|100332039 (enpp2)"
"163","turquoise",45,"GO:1903047","mitotic cell cycle process","GO|GO.BP|GO",1.62533344718351e-10,1.55380252217297e-05,1.20449807920385e-07,25,0.0637755102040816,0.0157754010695187,4.04271878242823,392,392,0.423728813559322,59,"mitotic cell cycle process","30453 (kifc1)|30627 (kif23)|57925 (cdc25b)|80973 (cdk1)|192295 (ccna2)|195818 (kif11)|317740 (pola1)|317763 (ttk)|321283 (tacc3)|323197 (racgap1)|323733 (top2a)|325449 (kif20a)|393280 (nuf2)|393796 (kif4)|415165 (ccne2)|445386 (ndc80)|492707 (ncapg)|556493 (ncapd3)|562517 (anln)|567446 (nusap1)|570062 (ncaph)|572121 (incenp)|767754 (cenpe)|100307076 (bub1)|107966129 (tpx2)"
"164","turquoise",46,"GO:0000902","cell morphogenesis","GO|GO.BP|GO",2.40333498736123e-10,2.29756421456747e-05,1.72749189065223e-07,29,0.0739795918367347,0.020855614973262,3.54722658294087,392,392,0.371794871794872,78,"cell morphogenesis","30037 (tnc)|30608 (gap43)|323201 (marcksb)|323561 (col4a5)|324416 (dpysl5a)|337179 (mmp2)|403023 (matn1)|445503 (matn3a)|497348 (matn4)|497398 (si:ch1073-291c23.1)|553411 (dpysl4)|553412 (dpysl2b)|553756 (crmp1)|554268 (col4a6)|556984 (tnmd)|561788 (kif22)|562496 (col2a1a)|563353 (si:ch211-106n13.3)|564005 (col6a4a)|565952 (e2f8)|567771 (col6a2)|569128 (ccdc80l1)|569755 (col6a1)|569971 (lama1)|573988 (kif15)|791772 (cnmd)|100005469 (fn1a)|100149543 (col12a1a)|100332562 (col7a1)"
"165","turquoise",47,"GO:0006928","movement of cell or subcellular component","GO|GO.BP|GO",2.53606127847356e-10,2.42444922160794e-05,1.79588831230218e-07,41,0.104591836734694,0.0374331550802139,2.79409620991254,392,392,0.292857142857143,140,"movement of cell or subcellular component","30037 (tnc)|30240 (fbln1)|30453 (kifc1)|30608 (gap43)|30627 (kif23)|195818 (kif11)|323266 (cd99l2)|323561 (col4a5)|324416 (dpysl5a)|325449 (kif20a)|337179 (mmp2)|393796 (kif4)|402820 (tmsb)|402941 (insm1a)|405864 (itgb1b.2)|449979 (kif20ba)|553411 (dpysl4)|553412 (dpysl2b)|553756 (crmp1)|554050 (itgbl1)|554268 (col4a6)|555567 (si:ch211-225p5.8)|561788 (kif22)|562496 (col2a1a)|565032 (hmcn2)|565952 (e2f8)|566329 (tmsb2)|567446 (nusap1)|569128 (ccdc80l1)|569971 (lama1)|573988 (kif15)|767754 (cenpe)|791141 (zgc:158659)|100002565 (cd248b)|100005469 (fn1a)|100007502 (kif20bb)|100136875 (kif2c)|100329456 (igsf10)|100332039 (enpp2)|100333914 (ccl25a)|100537977 (iqgap3)"
"166","turquoise",48,"GO:0000070","mitotic sister chromatid segregation","GO|GO.BP|GO",9.46600162911283e-10,9.04940289741557e-05,6.51036179670185e-07,11,0.0280612244897959,0.00347593582887701,8.07299843014129,392,392,0.846153846153846,13,"mitotic sister chromatid segregation","30627 (kif23)|317763 (ttk)|393280 (nuf2)|445386 (ndc80)|492707 (ncapg)|556493 (ncapd3)|567446 (nusap1)|570062 (ncaph)|572121 (incenp)|767754 (cenpe)|100307076 (bub1)"
"167","yellow",1,"GO:0009416","response to light stimulus","GO|GO.BP|GO",3.91382993105124e-08,0.00374158227578567,2.03346862814439e-05,13,0.0755813953488372,0.0117647058823529,6.42441860465116,172,172,0.295454545454545,44,"response to light stimulus","30140 (clocka)|30685 (aanat2)|58098 (arntl1a)|58099 (arntl2)|352934 (npas2)|352935 (arntl1b)|378451 (fbxl3a)|557053 (opn6b)|557454 (unc119.2)|561815 (opn3)|562845 (rhol)|563080 (opn4xb)|573209 (cry3a)"
"168","yellow",2,"GO:0009648","photoperiodism","GO|GO.BP|GO",2.51466125882728e-07,0.0240399101682629,9.93384717696814e-05,7,0.0406976744186047,0.00320855614973262,12.6841085271318,172,172,0.583333333333333,12,"photoperiodism","30140 (clocka)|30685 (aanat2)|58098 (arntl1a)|58099 (arntl2)|352934 (npas2)|352935 (arntl1b)|378451 (fbxl3a)"
"169","yellow",3,"GO:0009314","response to radiation","GO|GO.BP|GO",7.0116518899286e-07,0.0670306909025284,0.000260819808959254,13,0.0755813953488372,0.0147058823529412,5.13953488372093,172,172,0.236363636363636,55,"response to radiation","30140 (clocka)|30685 (aanat2)|58098 (arntl1a)|58099 (arntl2)|352934 (npas2)|352935 (arntl1b)|378451 (fbxl3a)|557053 (opn6b)|557454 (unc119.2)|561815 (opn3)|562845 (rhol)|563080 (opn4xb)|573209 (cry3a)"
"170","yellow",4,"GO:0046983","protein dimerization activity","GO|GO.MF|GO",2.52201274027695e-06,0.241101895957736,0.000845971564763986,12,0.0697674418604651,0.013903743315508,5.01788908765653,172,172,0.230769230769231,52,"protein dimerization activity","30140 (clocka)|30169 (neurod1)|58098 (arntl1a)|58099 (arntl2)|192125 (glra4b)|352934 (npas2)|352935 (arntl1b)|393629 (guca1e)|394031 (mxd3)|503744 (nfybb)|559531 (mxd4)|100537416 (mef2ab)"
"171","yellow",5,"GO:0042995","cell projection","GO|GO.CC|GO",2.5405258420881e-06,0.242871729977781,0.000849201853069163,16,0.0930232558139535,0.024331550802139,3.82315359059545,172,172,0.175824175824176,91,"cell projection","192125 (glra4b)|317643 (chrnb3b)|368433 (inppl1b)|378834 (prom1b)|393369 (tmem218)|393629 (guca1e)|406492 (tmem107)|554700 (pde6gb)|555988 (si:rp71-1d10.5)|561815 (opn3)|562176 (ephb2a)|562845 (rhol)|564075 (ttll6)|570876 (gabrr3a)|572411 (ephb6)|573382 (mns1)"
"172","yellow",6,"GO:0120025","plasma membrane bounded cell projection","GO|GO.CC|GO",9.15881318244635e-06,0.875573381428689,0.0026940719428575,15,0.0872093023255814,0.0237967914438503,3.66475045727724,172,172,0.168539325842697,89,"plasma membrane bounded cell projection","192125 (glra4b)|317643 (chrnb3b)|368433 (inppl1b)|378834 (prom1b)|393369 (tmem218)|393629 (guca1e)|406492 (tmem107)|554700 (pde6gb)|561815 (opn3)|562176 (ephb2a)|562845 (rhol)|564075 (ttll6)|570876 (gabrr3a)|572411 (ephb6)|573382 (mns1)"
"173","yellow",7,"GO:0038023","signaling receptor activity","GO|GO.MF|GO",3.88710540367357e-05,1,0.00952829203809717,17,0.0988372093023256,0.0331550802139037,2.98105776444111,172,172,0.137096774193548,124,"signaling receptor activity","30709 (tyro3)|83775 (cry4)|192125 (glra4b)|317643 (chrnb3b)|553764 (zgc:109949)|556289 (antxr1b)|557053 (opn6b)|557239 (antxr2a)|559245 (rorca)|561815 (opn3)|562176 (ephb2a)|562258 (rorcb)|562845 (rhol)|563080 (opn4xb)|570876 (gabrr3a)|572411 (ephb6)|793153 (antxr1a)"
"174","yellow",8,"GO:0060089","molecular transducer activity","GO|GO.MF|GO",5.31732426237352e-05,1,0.0123983141989914,17,0.0988372093023256,0.0339572192513369,2.91063907709211,172,172,0.133858267716535,127,"molecular transducer activity","30709 (tyro3)|83775 (cry4)|192125 (glra4b)|317643 (chrnb3b)|553764 (zgc:109949)|556289 (antxr1b)|557053 (opn6b)|557239 (antxr2a)|559245 (rorca)|561815 (opn3)|562176 (ephb2a)|562258 (rorcb)|562845 (rhol)|563080 (opn4xb)|570876 (gabrr3a)|572411 (ephb6)|793153 (antxr1a)"
"175","yellow",9,"GO:0009628","response to abiotic stimulus","GO|GO.BP|GO",5.34499154132337e-05,1,0.0124325023445006,14,0.0813953488372093,0.024331550802139,3.34525939177102,172,172,0.153846153846154,91,"response to abiotic stimulus","30140 (clocka)|30685 (aanat2)|58098 (arntl1a)|58099 (arntl2)|352934 (npas2)|352935 (arntl1b)|378451 (fbxl3a)|557053 (opn6b)|557454 (unc119.2)|561815 (opn3)|562845 (rhol)|563080 (opn4xb)|573209 (cry3a)|791518 (hmox1a)"
"176","yellow",10,"GO:0005929","cilium","GO|GO.CC|GO",8.95174261448827e-05,1,0.0191021795134479,9,0.0523255813953488,0.0112299465240642,4.65946843853821,172,172,0.214285714285714,42,"cilium","378834 (prom1b)|393369 (tmem218)|393629 (guca1e)|406492 (tmem107)|554700 (pde6gb)|561815 (opn3)|562845 (rhol)|564075 (ttll6)|573382 (mns1)"
