"","ensembl_gene_id","external_gene_name","logFC","logCPM","LR","PValue","FDR","DE","aveGc","aveLength","rankstat"
"1","ENSDARG00000039682","si:ch211-121a2.2",-3.2969150075715,1.23552173581228,108.177784085389,2.45718493376303e-25,4.76595589752677e-21,TRUE,0.448507899356349,854,-24.6095621562223
"2","ENSDARG00000093024","si:ch211-213a13.2",1.02489310858568,2.75447927477652,70.5340010895822,4.52401650705561e-17,4.38739120854253e-13,TRUE,0.398653269503919,3168,16.3444758191069
"3","ENSDARG00000040781","sult3st4",2.13935756422161,0.454832170126179,63.9119404090702,1.30106691899995e-15,7.18968326629623e-12,TRUE,0.368810735770477,2161,14.8857003653869
"4","ENSDARG00000077068","si:ch211-11p18.6",-0.864955029056231,3.60247009637169,63.2981556849949,1.77670584171418e-15,7.18968326629623e-12,TRUE,0.409444219796019,4451,-14.7503844697159
"5","ENSDARG00000079589","si:dkeyp-73d8.6",1.44322244338885,1.35297450032521,63.2149185542577,1.8533932940545e-15,7.18968326629623e-12,TRUE,0.359528487229862,1018,14.7320324126759
"6","ENSDARG00000099511","CABZ01034698.2",1.5436926256701,1.42103045026009,61.8846181759369,3.64183264364176e-15,1.17728309926793e-11,TRUE,0.358550540368722,3146,14.4386800156012
"7","ENSDARG00000070011","si:ch211-167j6.4",-1.90340266379363,0.767775567522669,59.4095807285164,1.28044180895694e-14,3.54792133236125e-11,TRUE,0.41352259992529,1338,-13.8926401537228
"8","ENSDARG00000078995","tex11",1.59603024287906,0.0501832715794703,53.5411084627903,2.53237970988885e-13,6.13975460662552e-10,TRUE,0.45568243610658,1839,12.5964711748215
"9","ENSDARG00000103849","mdh1ab",-0.997425289730367,4.61920433649872,51.4310589145684,7.41560067078135e-13,1.59814434011639e-09,TRUE,0.438515081206497,1724,-12.1298536649404
"10","ENSDARG00000091150","mki67",-0.806649763344979,4.22895383546807,50.6193911423047,1.12131663680405e-12,2.17490574874514e-09,TRUE,0.414803957493587,8187,-11.9502717342387
"11","ENSDARG00000057128","hadhaa",-0.754243832599878,4.16372452379664,49.7090267393959,1.78323589612675e-12,3.14433122193405e-09,TRUE,0.476069615663524,2758,-11.7487912021922
"12","ENSDARG00000002991","cep135",1.42212724534214,3.22348913464001,47.3611097560422,5.904253397392e-12,9.54324157465127e-09,TRUE,0.501426024955437,3740,11.2288350118341
"13","ENSDARG00000090600","si:ch211-213a13.1",-0.976949960278837,3.06407519675488,47.0661371244555,6.86312576417236e-12,1.02397836401452e-08,TRUE,0.343555900621118,2576,-11.163478042755
"14","ENSDARG00000055618","acta1b",-1.00381730955965,8.13787046952367,45.8124292645994,1.30135216065812e-11,1.80293046486607e-08,TRUE,0.519047619047619,1365,-10.88560516252
"15","ENSDARG00000101331","tekt1",1.77593367769235,1.44144067608103,44.048657195454,3.20313536441838e-11,4.14186756855059e-08,TRUE,0.456128133704735,1436,10.4944247076747
"16","ENSDARG00000039266","rbm25a",0.791422691114746,4.69785691797383,42.3007163038571,7.82638898836189e-11,9.4875400511417e-08,TRUE,0.476142809476143,999,10.1064385705293
"17","ENSDARG00000052905","zgc:165423",-0.873011817725054,5.36487736853854,41.7962635752657,1.01296810698019e-10,1.15065250056361e-07,TRUE,0.455958549222798,2123,-9.99440422806574
"18","ENSDARG00000099470","muc5.3",-0.83768757807322,5.13695025263667,41.6931292619625,1.06783589452181e-10,1.15065250056361e-07,TRUE,0.469076580435155,8756,-9.97149548474169
"19","ENSDARG00000057911","zgc:86709",-0.828315785821873,3.05239350158258,40.4146023844204,2.05400213678132e-10,2.01786982796555e-07,TRUE,0.498726114649682,1570,-9.68739910894134
"20","ENSDARG00000055644","prss60.2",-0.994962347336219,2.0544604749589,40.3893640438693,2.08070718495107e-10,2.01786982796555e-07,TRUE,0.458669742406767,1300,-9.681789033151
"21","ENSDARG00000100584","ccdc40",0.937111093084691,2.87647042294811,39.9847404107342,2.55954598724322e-10,2.36404542707474e-07,TRUE,0.431317986339489,1976,9.59183706309496
"22","ENSDARG00000053558","rtkn2a",1.63296691748981,1.38079308727658,39.2062895603699,3.81309920295161e-10,3.36176691547497e-07,TRUE,0.427214116050221,2947,9.4187218958189
"23","ENSDARG00000044976","krt93",-0.710401368036106,2.99783509026854,37.2722853185795,1.02734267085092e-09,8.66362541035846e-07,TRUE,0.477188655980271,1622,-8.98828467301676
"24","ENSDARG00000098754","si:ch211-156p11.1",1.18984464930046,0.592948322122061,36.8487572585202,1.27657435712257e-09,1.03168484294789e-06,TRUE,0.427567567567568,5550,8.89395388360355
"25","ENSDARG00000087046","si:ch211-222k6.2",-0.997859466833198,1.38457446368922,36.6547662783189,1.41013814510252e-09,1.09404157849634e-06,TRUE,0.425316455696203,790,-8.85073833931847
"26","ENSDARG00000023861","dnase1l1l",0.717427829018773,3.96068819399538,35.8637260669276,2.11611962482162e-09,1.56253780668919e-06,TRUE,0.388975155279503,1932,8.67445978515696
"27","ENSDARG00000115545","clec19a",-1.08442906391057,1.64160395129688,35.8101527627238,2.17511449683482e-09,1.56253780668919e-06,TRUE,0.417934347477982,1249,-8.66251787708416
"28","ENSDARG00000097973","si:ch1073-190k2.1",-3.09580825726483,0.796342542212226,35.6198243859009,2.39834346347923e-09,1.66136677920154e-06,TRUE,0.39124487004104,731,-8.62008862206601
"29","ENSDARG00000103019","gstp2",-1.27366502265317,2.32043501788454,34.5493845553626,4.15572918855841e-09,2.77946632211307e-06,TRUE,0.436426116838488,873,-8.38135276134267
"30","ENSDARG00000045089","si:ch211-270n8.1",-1.50462288706438,0.578802517186813,33.9886130039524,5.54355521221817e-09,3.58409322987279e-06,TRUE,0.422434367541766,838,-8.25621162266546
"31","ENSDARG00000060622","si:ch73-14h1.2",-0.801246543762218,4.22278021972176,33.6385354733164,6.63648666255964e-09,4.15229984861312e-06,TRUE,0.365988271817868,2899,-8.17806177407707
"32","ENSDARG00000074531","spag9a",0.556604593367741,5.06366594161517,33.4071001716326,7.47505680699937e-09,4.53081880714249e-06,TRUE,0.531139240506329,3292,8.12638550255235
"33","ENSDARG00000111240","dhrs13a.2",-0.69181958184016,3.06346502887475,31.8362375797225,1.6773394738826e-08,9.85868982891724e-06,TRUE,0.507827788649706,1022,-7.77537903237678
"34","ENSDARG00000104899","CR931813.2",0.797474054292188,2.22291528277656,31.5401888496518,1.95354918719475e-08,1.11444235396557e-05,TRUE,NA,NA,7.70917564947205
"35","ENSDARG00000093699","si:ch73-27e22.4",-1.11527803054158,0.776458820027182,30.6688928296687,3.0603218199371e-08,1.69594291484286e-05,TRUE,0.399642218246869,1398,-7.5142329012067
"36","ENSDARG00000042708","tuba8l",-0.594609833705802,6.54025686853789,30.2559540385014,3.78627157257985e-08,2.03842176122205e-05,TRUE,0.490848585690516,1803,-7.4217882392251
"37","ENSDARG00000095082","ITLN1 (1 of many)",1.22346158941639,2.51784822312172,30.2042753655458,3.88851336178675e-08,2.03842176122205e-05,TRUE,0.409139784946237,1860,7.41021640437498
"38","ENSDARG00000026726","anxa1a",-0.910111646315136,6.88357968589494,30.1106992747448,4.0807360258767e-08,2.08289357783959e-05,TRUE,0.448661144288191,865,-7.38926149790329
"39","ENSDARG00000002192","aspn",-0.794875777231103,3.20249126032784,30.0206697876357,4.27465400571926e-08,2.12592792551105e-05,TRUE,0.403529138611563,1436,-7.36909903169323
"40","ENSDARG00000054753","col10a1a",-0.862325260062311,5.99284632590167,29.6453154535493,5.18778502626317e-08,2.51555695923501e-05,TRUE,0.494884425918909,2639,-7.28501802870246
"41","ENSDARG00000090946","si:zfos-364h11.2",-1.06509638444245,2.00888166111889,28.1650203731723,1.11399771123725e-07,5.2700242944287e-05,TRUE,0.412302786169856,3972,-6.95311570144062
"42","ENSDARG00000061196","emilin2a",-0.773104431529866,4.17437887863316,27.730221620734,1.39466803169226e-07,6.44070979588169e-05,TRUE,0.480327868852459,2033,-6.8555291537963
"43","ENSDARG00000074844","CABZ01061495.1",-0.584248497213497,3.50822068968533,27.5044943649312,1.56729871490032e-07,6.9852286354791e-05,TRUE,0.378879110699398,6477,-6.80484822250442
"44","ENSDARG00000002403","nusap1",-0.792452270600749,2.05010779767951,27.4832551622803,1.58460538235245e-07,6.9852286354791e-05,TRUE,0.42953718148726,1923,-6.80007887325987
"45","ENSDARG00000077620","cdca7a",-1.01891259361581,1.69086623331563,27.3157205965867,1.72800791259062e-07,7.44809810502393e-05,TRUE,0.515737580583997,1318,-6.76245427320749
"46","ENSDARG00000016771","tfa",-0.669386686667059,8.55470501842067,27.2197833063709,1.81591028605362e-07,7.65682519745567e-05,TRUE,0.418831972284088,2309,-6.74090561134043
"47","ENSDARG00000097080","si:ch73-181m17.1",-1.66274320842834,2.09726192291282,26.8330445879706,2.21811904246011e-07,9.15375254203324e-05,TRUE,0.44273127753304,7264,-6.65401514975755
"48","ENSDARG00000007377","odc1",-0.672295745698752,2.79102103467137,26.5214912230767,2.60622517021247e-07,0.000104797493893649,TRUE,0.474643584521385,1964,-6.5839880652327
"49","ENSDARG00000095643","si:dkey-253d23.3",-1.04537666328052,2.06178642615264,26.4911422430934,2.64749288553763e-07,0.000104797493893649,TRUE,0.381382424452935,1440,-6.57716519827464
"50","ENSDARG00000053315","tmprss3a",-1.07013803805874,1.92999467940068,26.4379784756623,2.72136848460975e-07,0.000105567326254981,TRUE,0.488841978287093,1658,-6.56521264895976
"51","ENSDARG00000014803","cryba1l2",0.518197941336358,5.57047559957811,26.0674300963564,3.29698949627425e-07,0.000125375146578879,TRUE,0.430401863715783,1717,6.48188243645327
"52","ENSDARG00000114577","si:dkey-159n16.2",0.63286782616126,4.05784472073996,26.0301532817435,3.36126398334795e-07,0.000125375146578879,TRUE,0.439988423533303,6047,6.47349737803656
"53","ENSDARG00000052122","rag1",-0.81483024163411,2.88240395154015,25.9433385952049,3.51586559104159e-07,0.000128667413214798,TRUE,0.454202022550273,4302,-6.45396773603988
"54","ENSDARG00000040004","si:ch211-244a23.1",-0.69168153921669,2.75251165877941,25.8305480063805,3.72742214447574e-07,0.000133883481322688,TRUE,0.467959130206969,9542,-6.42859141898904
"55","ENSDARG00000054292","si:ch211-14a17.11",-0.808134052258814,2.27682418482149,25.7245197074537,3.93791911650096e-07,0.000138872507606641,TRUE,0.449627470035633,772,-6.404733208365
"56","ENSDARG00000115701","crygm2d9",0.599314744672618,6.26902052780221,25.5434617795131,4.32529240838018e-07,0.000149809592058825,TRUE,0.446945337620579,778,6.36398452703077
"57","ENSDARG00000040944","ntd5",-0.467317876422099,4.54871185666148,25.289667456489,4.93344462238872e-07,0.000167875599817283,TRUE,0.457494407158837,1788,-6.30684974236305
"58","ENSDARG00000040192","nenf",-0.98178874179976,1.78460209023452,25.1324195969235,5.35253926712383e-07,0.000178996295905403,TRUE,0.403195131228604,1314,-6.27144013796484
"59","ENSDARG00000019995","bmp4",0.525190861187038,3.44030405271508,24.7870190483518,6.40272098455127e-07,0.000210486739349757,TRUE,0.404546974256102,2991,6.19363542329062
"60","ENSDARG00000042018","fhl2a",-0.460145136573983,4.93113997680988,24.7253699145376,6.61082211552567e-07,0.000213705842921226,TRUE,0.47835094261446,1207,-6.1797445287088
"61","ENSDARG00000069817","crygm2d17",0.801888191939521,7.4280878589597,24.4556585167817,7.60398543883543e-07,0.000241781805855167,TRUE,0.404787424080029,1400,6.11895872345303
"62","ENSDARG00000094210","fthl31",0.720354416447884,4.52370212283878,24.0890251232818,9.19830471235375e-07,0.000287758577743247,TRUE,0.469130028063611,713,6.03629220764502
"63","ENSDARG00000092243","BX005065.1",3.1064879160137,0.767631001249466,23.9302471963281,9.98899297472041e-07,0.000307534139266154,TRUE,NA,NA,6.0004782923112
"64","ENSDARG00000071347","aftphb",0.565746817443941,3.3488786879828,23.8108751594543,1.06280285828327e-06,0.000313398276037747,TRUE,0.427881297446515,1449,5.97354728627627
"65","ENSDARG00000035700","zgc:101664",-0.786415997122072,1.54741427660218,23.8069772263417,1.06495728628954e-06,0.000313398276037747,TRUE,0.433191489361702,1175,-5.97266781072361
"66","ENSDARG00000062152","chaf1a",-0.588170064652161,3.4088143992663,23.8043349300265,1.0664202009946e-06,0.000313398276037747,TRUE,0.505688375927453,3032,-5.97207163675869
"67","ENSDARG00000104600","CABZ01070527.1",0.750711951473913,4.10117840022073,23.4508611863829,1.28145346856077e-06,0.000370971216062755,TRUE,NA,NA,5.89229715905772
"68","ENSDARG00000052779","zgc:153932",-1.04090904263013,3.87109689720886,23.3268866388044,1.36676040736834e-06,0.000389848306784065,TRUE,0.460199004975124,3015,-5.86430761043408
"69","ENSDARG00000039422","fuom",-0.923164228950361,0.393501595340292,23.163203029417,1.48817894914634e-06,0.000418329259386123,TRUE,0.342230695900858,1049,-5.82734484301459
"70","ENSDARG00000067520","zgc:158482",-0.621459784403043,2.83261837173563,22.7652797830684,1.83042951670008e-06,0.000507185870084497,TRUE,0.601931875953228,1967,-5.7374469895891
"71","ENSDARG00000105183","CT009487.2",0.890975647720777,2.83193248871855,22.6400889645565,1.95365377793641e-06,0.00052922781389809,TRUE,NA,NA,5.70915239847517
"72","ENSDARG00000071604","si:ch211-156p11.1",-0.752474520847518,1.64339338494876,22.6006700648728,1.99415044774438e-06,0.00052922781389809,TRUE,0.416851441241685,2932,-5.70024207964502
"73","ENSDARG00000093997","si:dkey-9i23.15",-0.640737831078885,2.04645727626036,22.5982657434866,1.99664757919527e-06,0.00052922781389809,TRUE,0.412876137158852,1429,-5.69969858406147
"74","ENSDARG00000086917","crygm2d2",0.532753409006658,8.87134999692339,22.5685084008425,2.0278144974992e-06,0.00052922781389809,TRUE,0.449498327759197,748,5.69297177635905
"75","ENSDARG00000024278","adh8b",-0.69874327995598,5.92389682604165,22.5509756523624,2.04640575594745e-06,0.00052922781389809,TRUE,0.427063339731286,1042,-5.68900825131895
"76","ENSDARG00000039051","hhatla",-0.503091503336863,6.91972882108009,22.5230077411048,2.07641675365394e-06,0.000529923412550944,TRUE,0.413759572140513,4114,-5.68268547565617
"77","ENSDARG00000071543","si:dkey-42i9.7",1.30446862486146,0.755252437910173,22.466234059627,2.13870253017127e-06,0.000538730834742881,TRUE,0.438213914849429,963,5.66984961677917
"78","ENSDARG00000100311","si:dkey-165e24.1",-1.10746000176856,1.18558447366892,22.2332477018352,2.41456252928024e-06,0.000593397936327656,TRUE,0.438481385919646,3391,-5.61716154330992
"79","ENSDARG00000104403","oscp1a",1.09152469975922,0.393694047188915,22.2313798153054,2.41691260929495e-06,0.000593397936327656,TRUE,0.488170802077323,1733,5.61673905252455
"80","ENSDARG00000062618","kcnj12b",-0.577444036758087,3.40856129890718,22.1205310549933,2.56056509192241e-06,0.000620809006536589,TRUE,0.484908954851584,2004,-5.59166417952363
"81","ENSDARG00000092890","si:ch73-44m9.5",3.47021563183747,1.38805157799101,22.0790064152748,2.61655720044415e-06,0.000626552388392774,TRUE,0.348790322580645,496,5.5822697667276
"82","ENSDARG00000024847","col5a2b",-0.821383538675426,2.87542327519382,22.0404344464366,2.66966787599713e-06,0.000627449212230477,TRUE,0.555351307189543,4896,-5.57354276432589
"83","ENSDARG00000053323","zgc:112285",0.552459770554589,6.52818038728349,22.0294416162637,2.68500126908278e-06,0.000627449212230477,TRUE,0.462534327187132,1274,5.57105550469235
"84","ENSDARG00000038668","gbp1",-0.914875846145211,1.99541344649843,21.9823468551124,2.75169806075764e-06,0.000635380185553039,TRUE,0.446252676659529,1168,-5.56039922223192
"85","ENSDARG00000117693","CR318673.1",0.630133471945104,3.09631918238934,21.9097351870358,2.85780463734444e-06,0.000652117397010973,TRUE,NA,NA,5.54396746337684
"86","ENSDARG00000090847","si:ch211-209l18.4",-0.905918499120597,2.61797382624027,21.8348114648243,2.97159527177372e-06,0.000670198394085152,TRUE,0.365625834000534,3747,-5.52701034134643
"87","ENSDARG00000056386","TMC1",-1.28021374612778,0.500521204264592,21.8027648123698,3.0216439807945e-06,0.000673652950017127,TRUE,0.465428276573787,2907,-5.5197567068682
"88","ENSDARG00000015998","wdhd1",-0.779393415020263,1.01102688733195,21.7312011741546,3.13648274258104e-06,0.00069130930994434,TRUE,0.488518342067651,2624,-5.50355709767629
"89","ENSDARG00000058285","cpt1b",-0.797036849131158,3.0165331952253,21.6986774704993,3.19011139032082e-06,0.000695229219400703,TRUE,0.473202396804261,3004,-5.49619415225408
"90","ENSDARG00000014805","fhl5",-0.96488611759738,1.12998338468385,21.553271794771,3.44135091209602e-06,0.000731176413150079,TRUE,0.443824701195219,1255,-5.46327104042276
"91","ENSDARG00000055270","si:ch1073-358c10.1",-0.848993141157769,1.41583208480395,21.5282121685683,3.48661406045603e-06,0.000731176413150079,TRUE,0.433476394849785,1456,-5.45759612279625
"92","ENSDARG00000069846","zgc:162944",-0.576454510578315,4.01306732608409,21.5253881854048,3.49175209717857e-06,0.000731176413150079,TRUE,0.487976539589443,852,-5.45695659734022
"93","ENSDARG00000036139","lctla",0.471665993486941,5.82146453206032,21.5176627144954,3.50584689745089e-06,0.000731176413150079,TRUE,0.439877568867512,1525,5.45520705374253
"94","ENSDARG00000096905","si:ch73-23l24.1",-0.785287235535403,1.6289498167743,21.3530846148244,3.82005623624223e-06,0.000788232029342066,TRUE,0.437148217636023,533,-5.41793024365638
"95","ENSDARG00000038716","casq1a",-0.777797482616315,5.86282482461882,21.0592391638854,4.45300482492816e-06,0.000909162964045332,TRUE,0.41725411211816,2979,-5.35134683430095
"96","ENSDARG00000024488","top2a",-0.686907114492081,3.45397237363255,21.0094281413255,4.5702880753708e-06,0.000923388619894709,TRUE,0.458940081164956,4189,-5.34005642452515
"97","ENSDARG00000069559","muc13a",-0.541684923412215,4.55982268038039,20.9406934927725,4.73723604399154e-06,0.000947251858858349,TRUE,0.40783055198973,7790,-5.32447497498304
"98","ENSDARG00000078419","filip1a",-1.00559997960249,0.606607243696055,20.8238303554964,5.03525329131257e-06,0.000996569110594883,TRUE,0.430218592361278,4163,-5.2979786779897
"99","ENSDARG00000030215","matn1",-0.561296193504279,5.95445463670598,20.7630705015281,5.19756189417126e-06,0.00101830212625602,TRUE,0.519631273472175,1464,-5.28420033025296
"100","ENSDARG00000093628","s100a11",-0.734492431839729,2.51979037247736,20.7344862042112,5.27572565128213e-06,0.00102327974732268,TRUE,0.411255411255411,462,-5.27771779675574
"101","ENSDARG00000009844","dusp23a",-0.476769313176732,4.25382139434304,20.5871040478383,5.69786444302982e-06,0.00109421563105947,TRUE,0.444246208742194,1121,-5.24428788720332
"102","ENSDARG00000052734","hmgcra",-0.875380824470064,3.4141022699986,20.479663688033,6.02682004021957e-06,0.00114604119117744,TRUE,0.44990565190044,3710,-5.2199117762949
"103","ENSDARG00000095615","si:dkeyp-86h10.3",-0.479073509536939,3.24804941767083,20.3821107963331,6.34198895751101e-06,0.00119426425067848,TRUE,0.365618661257607,1972,-5.19777451848935
"104","ENSDARG00000074546","si:ch211-213a13.2",-0.721382993659355,1.68968934908222,20.2748495974603,6.7076548168049e-06,0.00125097762333411,TRUE,0.412409559307169,3041,-5.17342929475619
"105","ENSDARG00000040306","otomp",-0.443461449084954,4.1845497803252,20.2371644296629,6.84109132544613e-06,0.0012637124509367,TRUE,0.510879025239339,1149,-5.16487461190368
"106","ENSDARG00000033757","ncaph2",-0.943958121399758,0.565794658703905,20.0898209035983,7.38888891745411e-06,0.00135202725889566,TRUE,0.402077722200846,3898,-5.13142086245725
"107","ENSDARG00000104823","znf648",-0.826938166654662,3.962061655779,20.0174642519037,7.67381024485761e-06,0.00139103947204914,TRUE,0.457172342621259,1938,-5.1149889440783
"108","ENSDARG00000105443","si:ch211-63p21.8",0.717389308971279,3.43273669116385,19.9420164070078,7.98265840627951e-06,0.00142264491212575,TRUE,0.41519059090265,7057,5.09785245465003
"109","ENSDARG00000094466","si:ch73-199e17.1",-0.573933546002031,2.54731211949457,19.9390963245501,7.99485952885683e-06,0.00142264491212575,TRUE,0.50783378746594,1468,-5.09718916248414
"110","ENSDARG00000101495","ugt5b2",-1.21972746568532,1.35074735551746,19.7931498226495,8.62913829180485e-06,0.00152155242098043,TRUE,0.413039519213258,1830,-5.06403257088956
"111","ENSDARG00000058966","zgc:112332",0.837715127644156,3.40257535459672,19.701253656924,9.05419479745542e-06,0.00158211857920221,TRUE,0.429123213595983,863,5.04315016606455
"112","ENSDARG00000037613","lgals8b",0.679259528640657,1.27910331959848,19.5990746044389,9.55154503039837e-06,0.00165412292330006,TRUE,0.418949771689498,876,5.01992637251007
"113","ENSDARG00000101180","mcm7",0.48387729719522,6.24725857752004,19.475088182404,1.01920289594217e-05,0.00174942118315879,TRUE,0.606349911190053,901,4.99173935101155
"114","ENSDARG00000077372","tfr1b",-0.531795239891722,4.87457854179906,19.4460839379126,1.03479789390576e-05,0.00176060876756107,TRUE,0.436551501453019,3097,-4.9851444638616
"115","ENSDARG00000070140","RETSAT",0.837989974142615,0.363779557016166,19.3619729036886,1.08139097295895e-05,0.00181642801786024,TRUE,0.428394039735099,2416,4.96601726007062
"116","ENSDARG00000028664","ahsa1a",-0.653487466903678,1.87198584230415,19.3532612447706,1.08633558502675e-05,0.00181642801786024,TRUE,0.401125839840203,1377,-4.96403599407316
"117","ENSDARG00000086103","slc37a1",-0.580316661647993,2.39565060044483,19.3283662161933,1.10059113906257e-05,0.00182453553275706,TRUE,0.360711462450593,4217,-4.95837398804651
"118","ENSDARG00000077360","fthl30",-0.846382619752406,1.35832726659641,19.2072737422687,1.17265719178887e-05,0.00192753041457093,TRUE,0.442567567567568,888,-4.93082892861223
"119","ENSDARG00000052039","caspb",-0.588567078004909,2.78400128360532,19.0958244611901,1.24316575300718e-05,0.00202625570969137,TRUE,0.463853451095846,1528,-4.90547096241451
"120","ENSDARG00000074749","abca12",-0.455235141338846,6.4861047910277,19.0359201834124,1.28280779908352e-05,0.00207344500591867,TRUE,0.479005167958656,6192,-4.89183840835644
"121","ENSDARG00000024204","mcm3",-0.781587767809607,2.84997649072132,19.0036623784422,1.30467796337883e-05,0.00209136642790874,TRUE,0.486936642717178,3062,-4.88449667299003
"122","ENSDARG00000073720","si:dkey-250l23.4",0.60933257324989,2.73697646688226,18.9653550180608,1.33113653047085e-05,0.0021162888643453,TRUE,0.53394495412844,1090,4.87577739802707
"123","ENSDARG00000003311","pank2",0.437647716695983,6.75226456048167,18.9343906190799,1.35291672745989e-05,0.00213342868665139,TRUE,0.436941410129096,1510,4.86872893357061
"124","ENSDARG00000052113","hexa",0.463243822205188,4.46168738340508,18.8629734680487,1.40452577851497e-05,0.00219695016129648,TRUE,0.488739495798319,1488,4.85247028539507
"125","ENSDARG00000019752","rom1a",0.434769219707073,4.63525441983949,18.8305319522814,1.42861805796905e-05,0.00221105529210394,TRUE,0.409924937447873,4796,4.84508386462254
"126","ENSDARG00000037845","col9a3",-0.656861165075262,6.10068929689304,18.8202469880217,1.43634237371157e-05,0.00221105529210394,TRUE,0.507227754577578,3113,-4.84274202716133
"127","ENSDARG00000019507","mcm5",-0.924780427770038,2.84713748521373,18.7814126266861,1.46588825917472e-05,0.00222149173205195,TRUE,0.495987772258311,2617,-4.83389913356486
"128","ENSDARG00000052000","cav2",0.43319251947787,4.06065951854912,18.7812298173578,1.46602877759667e-05,0.00222149173205195,TRUE,0.394134897360704,1705,4.83385750457295
"129","ENSDARG00000075707","nid2a",-0.479090250103792,4.35043683592554,18.5080337453307,1.6918963987265e-05,0.00254387771703095,TRUE,0.537387625594923,1351,-4.7716262339914
"130","ENSDARG00000104721","si:dkey-203a12.9",-1.01216095704436,0.646226970320628,18.4726705413834,1.72358232790634e-05,0.00257158483323626,TRUE,0.416809605488851,292,-4.76356796743358
"131","ENSDARG00000079145","CABZ01077217.1",-1.03646270872164,1.39828930687903,18.452361764602,1.74204803866531e-05,0.00257802322306418,TRUE,0.375140156975813,3122,-4.75893987307141
"132","ENSDARG00000052057","pcolceb",-0.602580170467091,2.22403629458733,18.4255221047705,1.76675716265226e-05,0.00257802322306418,TRUE,0.445384615384615,2600,-4.75282313932608
"133","ENSDARG00000087164","crygm2d4",0.483139224806301,7.82975159772596,18.4244276649596,1.7677721626497e-05,0.00257802322306418,TRUE,0.442839951865223,831,4.75257370927779
"134","ENSDARG00000038156","dusp11",-0.553420108696457,2.77858991920178,18.3631861813298,1.82551185899523e-05,0.00262762356502822,TRUE,0.388221153846154,4992,-4.73861534141627
"135","ENSDARG00000095147","krt96",0.680793781711555,5.21286811115017,18.359676137959,1.82887802267895e-05,0.00262762356502822,TRUE,0.498609179415855,1438,4.73781525889973
"136","ENSDARG00000102798","mcm2",-0.668225838028822,3.60092039830928,18.2002146391419,1.98856422759038e-05,0.00280290031947711,TRUE,0.44786896794646,5678,-4.70146037740235
"137","ENSDARG00000029058","rbbp4",-0.55810887238469,3.50849558896715,18.1897121828815,1.99956035614475e-05,0.00280290031947711,TRUE,0.448570110701107,2168,-4.69906548228064
"138","ENSDARG00000026771","tmem41ab",-0.666096609484832,3.53066817065635,18.1773674385822,2.01256349557688e-05,0.00280290031947711,TRUE,0.39938080495356,1938,-4.69625040892598
"139","ENSDARG00000102050","MCOLN3",-0.919003240747707,0.748876821902391,18.1674734992556,2.02304641987413e-05,0.00280290031947711,TRUE,0.474981765134938,2285,-4.69399415199741
"140","ENSDARG00000069093","col2a1a",-0.60901873897473,9.25795944742836,18.1673960358692,2.02312871069703e-05,0.00280290031947711,TRUE,0.547512864493997,5830,-4.69397648669666
"141","ENSDARG00000021086","znf367",-0.768489009565899,0.556177672870114,18.076349175392,2.12221209877208e-05,0.00291932098353073,TRUE,0.535739814152966,1399,-4.67321121387334
"142","ENSDARG00000061416","c2cd4a",0.557244735856492,4.75886590718784,18.0001398771374,2.20888738653093e-05,0.00298699825576609,TRUE,0.47170935080405,1679,4.65582642476002
"143","ENSDARG00000036239","gatm",-0.815701857101923,6.04249795977804,17.9933860372261,2.21673823217543e-05,0.00298699825576609,TRUE,0.612357414448669,1052,-4.65428558836219
"144","ENSDARG00000103744","hacd1",-0.416932549488314,5.24186292465417,17.9926370640907,2.2176105837818e-05,0.00298699825576609,TRUE,0.333063209076175,3702,-4.65411471434685
"145","ENSDARG00000062727","cep290",0.431129183770089,6.05294780130907,17.9752218903881,2.23799209821838e-05,0.00299366170600301,TRUE,0.475533167604344,7643,4.65014145118846
"146","ENSDARG00000004748","zgc:100868",-0.525663375341059,5.48240356946763,17.9319604909042,2.28944047306526e-05,0.00300453031378759,TRUE,0.391918953940393,4244,-4.64027064392723
"147","ENSDARG00000052437","mia",-0.691877712149651,2.12280011171426,17.9312554543441,2.29028870162625e-05,0.00300453031378759,TRUE,0.498969072164948,485,-4.64010976935426
"148","ENSDARG00000099355","BX890548.1",0.451011925059141,3.55517287380121,17.9293451211465,2.29258860816953e-05,0.00300453031378759,TRUE,NA,NA,4.63967386992385
"149","ENSDARG00000098950","si:dkeyp-92c9.4",-0.916253585020693,0.157448413122741,17.8825105654206,2.3497057348768e-05,0.00305871761299802,TRUE,0.377466251298027,1926,-4.62898652314156
"150","ENSDARG00000057074","rpgrb",0.513765198640635,4.86758140191176,17.8566948508246,2.38179835860008e-05,0.00307982406422714,TRUE,0.443653790299158,3443,4.62309500836713
"151","ENSDARG00000058533","pole",-0.603096075733234,1.99262935364041,17.8023114527213,2.45085323872681e-05,0.00314812910055267,TRUE,0.48448420464076,7154,-4.6106826942638
"152","ENSDARG00000091918","BX548073.1",0.811038663679336,0.508387435300731,17.7624683936728,2.50271876922917e-05,0.00319360087157691,TRUE,NA,NA,4.60158794936658
"153","ENSDARG00000045808","rlbp1b",-0.70280042362759,3.40236060389889,17.6929254526491,2.59590270298302e-05,0.00329085809327181,TRUE,0.415694925937598,1586,-4.58571158935605
"154","ENSDARG00000038658","cavin4a",-0.432951870708222,5.06336278566909,17.6702771946794,2.62699664140117e-05,0.00329413564369441,TRUE,0.511214230471771,1293,-4.58054048245636
"155","ENSDARG00000094077","si:dkey-21e2.16",0.555813475872394,2.80155798421043,17.6663290383226,2.63245527311112e-05,0.00329413564369441,TRUE,0.436488169364882,803,4.57963899898618
"156","ENSDARG00000053502","cryaa",0.456927820466285,6.95995169773215,17.5637897624256,2.77828636681547e-05,0.00345433604940724,TRUE,0.431192660550459,1417,4.55622299217722
"157","ENSDARG00000034063","unm_sa911",-0.792189474561349,1.67332538231932,17.5331120668627,2.82347409333023e-05,0.00348815945950529,TRUE,0.540711700844391,1658,-4.54921619275988
"158","ENSDARG00000052288","zmp:0000000634",-1.29738849945099,-0.219820495043629,17.3830420666947,3.05539880741502e-05,0.00375079210560898,TRUE,0.387565237122759,4407,-4.51493209522316
"159","ENSDARG00000030254","cbln9",-0.871434841242002,1.01503008620532,17.3670239064763,3.08125834243916e-05,0.00375874759811006,TRUE,0.357843137254902,816,-4.51127188753435
"160","ENSDARG00000062817","crym",-0.807638296099164,1.48735272638955,17.2780247490266,3.22899638304362e-05,0.00391435086534462,TRUE,0.434511434511435,962,-4.490932441457
"161","ENSDARG00000079245","si:dkey-73p2.2",-0.992893730555961,2.86871404632402,17.2216662689375,3.3262121157985e-05,0.0039917227708392,TRUE,0.418821096173733,2901,-4.47805005884968
"162","ENSDARG00000030723","cldn11b",0.415052402734884,4.00055149721499,17.2172337272367,3.3339816914619e-05,0.0039917227708392,TRUE,0.430972893465014,2380,4.4770367894267
"163","ENSDARG00000070239","knl1",-0.799365680973632,1.3184429303432,17.1876850428144,3.38624426615184e-05,0.00402942293167369,TRUE,0.420851528384279,5496,-4.47028171733883
"164","ENSDARG00000014041","smarcad1a",-0.683228482203931,1.57919876260969,17.1087618671427,3.52990808033063e-05,0.00417476201988371,TRUE,0.419687712152071,1473,-4.45223660359941
"165","ENSDARG00000038281","natd1",0.426777593842656,5.25627586636173,17.0910800556696,3.56292531580681e-05,0.00418827269244781,TRUE,0.410967344423906,3246,4.44819328100933
"166","ENSDARG00000021404","zgc:110319",0.404620885911246,4.27611896570361,17.079192148502,3.58529793365166e-05,0.00418918305548841,TRUE,0.370376801528043,823,4.44547474918317
"167","ENSDARG00000026629","gmds",-0.409567713191054,4.3730281248935,17.0289546781654,3.68141303979993e-05,0.00427572977963829,TRUE,0.437185929648241,1592,-4.43398545371806
"168","ENSDARG00000103277","cyp24a1",0.420099638718201,8.36185789890089,16.9598862590446,3.8177988633079e-05,0.0044077396876619,TRUE,0.46600566572238,2118,4.41818695568475
"169","ENSDARG00000077029","bub1",-0.672035491646731,1.27763914647826,16.9270232497828,3.88446380026622e-05,0.00445816922307476,TRUE,0.555039787798408,1508,-4.41066892143374
"170","ENSDARG00000098591","tubb2b",-0.42673309186652,6.97650805743138,16.9042263281047,3.9313952157575e-05,0.00447795219787446,TRUE,0.52359693877551,1568,-4.40545329517889
"171","ENSDARG00000041295","lim2.5",0.46136429467906,4.79237232230166,16.886748076213,3.96776291523218e-05,0.00447795219787446,TRUE,0.459199189052205,986,4.40145428603463
"172","ENSDARG00000096920","si:zfos-375h5.1",0.459223358793439,3.35455160651284,16.8837985429696,3.97393339377433e-05,0.00447795219787446,TRUE,0.425383077948035,3002,4.40077941627972
"173","ENSDARG00000114670","ube2c",-1.02163453546431,0.27438360741404,16.8742150406477,3.99404892881152e-05,0.00447795219787446,TRUE,0.422246220302376,926,-4.39858661913915
"174","ENSDARG00000040041","mcm4",-0.59010542480765,3.97759093629125,16.8510225204528,4.0431540856581e-05,0.0044862598748019,TRUE,0.518407960199005,3015,-4.39327970727481
"175","ENSDARG00000026759","ldlrb",-0.483791723651225,3.33256370025476,16.8488811402185,4.04771848881384e-05,0.0044862598748019,TRUE,0.60903525438041,1579,-4.39278969948004
"176","ENSDARG00000071083","si:dkeyp-34c12.1",0.598096150857162,2.86560040260613,16.82703178966,4.09458801431296e-05,0.00451242210940989,TRUE,0.435285247549636,1990,4.3877897891689
"177","ENSDARG00000105511","BX248521.2",0.921043824453986,1.1167588604466,16.6274642999677,4.54875491561122e-05,0.00498095006483457,TRUE,NA,NA,4.3421074620852
"178","ENSDARG00000073699","col9a1a",-0.442046838238405,6.06257099019608,16.6132145154637,4.5830584296565e-05,0.00498095006483457,TRUE,0.53126244524094,2511,-4.33884460587639
"179","ENSDARG00000096988","CR589944.1",0.974970792978133,1.90941709661663,16.6075474873552,4.59677284803768e-05,0.00498095006483457,TRUE,NA,NA,4.33754695661105
"180","ENSDARG00000068431","si:ch211-195h23.3",1.46405249995119,4.46169744257974,16.5606608393221,4.71183487843489e-05,0.00507726385011796,TRUE,0.44207650273224,1830,4.32680993737229
"181","ENSDARG00000100954","wars",-0.544797964041343,2.3280073892499,16.5434981737352,4.75467312001142e-05,0.00509511822296914,TRUE,0.519125683060109,915,-4.32287933509987
"182","ENSDARG00000055314","mcmbp",-0.434753889659995,3.61213706498755,16.5263850873261,4.79777752170194e-05,0.00511306004455664,TRUE,0.436595031245237,2187,-4.31895989462108
"183","ENSDARG00000052348","smarca5",-0.415087969633985,4.60857684648504,16.4566032272584,4.97765015506172e-05,0.005275765158884,TRUE,0.485852869846403,3711,-4.30297563023955
"184","ENSDARG00000053068","cyp8b1",-0.641664188674306,3.19002632043896,16.3872857588949,5.16303966517006e-05,0.00544251724704557,TRUE,0.449113924050633,1975,-4.28709453846269
"185","ENSDARG00000093323","si:ch211-114l13.1",0.628417311405303,2.25132908206522,16.3578369668124,5.24388726985751e-05,0.0054941599437359,TRUE,0.44889224572004,1986,4.28034665310039
"186","ENSDARG00000023587","kcnk5a",-0.832164029513289,1.50813272678847,16.348896544772,5.26868297347328e-05,0.0054941599437359,TRUE,0.426885582349923,1949,-4.27829793295376
"187","ENSDARG00000079347","zgc:194659",0.582666685014152,5.34151807884419,16.3119537871051,5.37239780406561e-05,0.00554506507829912,TRUE,0.416591523895401,1109,4.26983183708408
"188","ENSDARG00000055753","suv39h1b",-0.795708745122084,0.251439633427324,16.3046296630037,5.39320249396806e-05,0.00554506507829912,TRUE,0.450354609929078,1551,-4.26815327332171
"189","ENSDARG00000077403","col8a1a",-0.690963486827441,2.36446544972853,16.3010973893362,5.40326510516877e-05,0.00554506507829912,TRUE,0.541223404255319,2256,-4.26734372376426
"190","ENSDARG00000097825","BX465227.1",0.434963064287796,3.21506586196062,16.2440673955983,5.56836829691465e-05,0.00568442481510298,TRUE,NA,NA,4.25427204781775
"191","ENSDARG00000103754","aspm",-0.592216691110812,2.71801716596257,16.1687364265173,5.79425672849222e-05,0.00588405253957251,TRUE,0.441895878937851,10507,-4.2370022662435
"192","ENSDARG00000037402","lim2.3",0.37280595402633,5.14410125825751,16.146476513432,5.86275315211174e-05,0.0058953781490592,TRUE,0.401719068084144,1105,4.23189839115251
"193","ENSDARG00000092033","si:dkey-239h2.3",0.403120036714309,6.00497312257141,16.1453635638624,5.8661991274924e-05,0.0058953781490592,TRUE,0.406349206349206,788,4.23164319902622
"194","ENSDARG00000042876","abracl",-0.49919792468152,2.99424652627696,16.1252189172006,5.92892539204259e-05,0.00592770293319887,TRUE,0.37359413202934,1363,-4.2270240146623
"195","ENSDARG00000093494","si:ch211-217k17.9",-0.550827252371958,3.78513280403386,16.0555986801408,6.15094894829578e-05,0.00610188652128676,TRUE,0.38998127340824,1068,-4.21105787752274
"196","ENSDARG00000057683","mcm6",-0.765989628096879,3.16176718069161,16.0509513513479,6.1660639212838e-05,0.00610188652128676,TRUE,0.46674953387197,3218,-4.20999197741734
"197","ENSDARG00000044685","nr0b2a",0.715884007938232,4.78109926227401,16.0109686723904,6.29765658329281e-05,0.00618782727043425,TRUE,0.43062357166177,3063,4.20082102551074
"198","ENSDARG00000063195","pxk",0.375227138966103,6.02745339896126,16.0052481623369,6.31671375307271e-05,0.00618782727043425,TRUE,0.40485312899106,4698,4.19950880306094
"199","ENSDARG00000010948","kif11",-0.639260510212753,2.05389454666076,15.9703192060725,6.43434012476416e-05,0.00627137995276008,TRUE,0.461796246648794,2238,-4.19149598564667
"200","ENSDARG00000110961","zgc:110045",0.575558030521148,3.5102962522453,15.9581192916368,6.4759414926229e-05,0.00628036805954569,TRUE,0.566066066066066,666,4.18869708356687
"201","ENSDARG00000095048","si:dkey-250k15.7",0.575826694328178,2.01550689156907,15.9003483701729,6.67664266641609e-05,0.00644279408745306,TRUE,0.3973713033954,1141,4.17544186656365
"202","ENSDARG00000029406","h2afx",-0.751494066378862,1.0403998214958,15.8461467474446,6.87062968607843e-05,0.00657087120543412,TRUE,0.520766773162939,626,-4.16300345847797
"203","ENSDARG00000011094","ccna2",-0.745793623407678,1.45121181066601,15.8443590845579,6.87712340020172e-05,0.00657087120543412,TRUE,0.422977146386658,5397,-4.16259318279105
"204","ENSDARG00000036832","cyt1l",-0.460576602116709,8.22628095240908,15.7904243260782,7.07597238720891e-05,0.00672772355011294,TRUE,0.508989865969271,1020,-4.15021387052012
"205","ENSDARG00000101670","kntc1",-0.636958421995571,1.85813928319705,15.7796348348339,7.11644053344333e-05,0.00673319417495936,TRUE,0.46078859304525,6873,-4.1477371753546
"206","ENSDARG00000014179","pfkma",-0.415174032437091,5.93784222757914,15.6452374005875,7.64047546024585e-05,0.00719391563237517,TRUE,0.454596728708404,1773,-4.11687961480963
"207","ENSDARG00000062702","ankmy1",0.788675470065443,0.697937862311529,15.602004410635,7.81716789696706e-05,0.00732472408355426,TRUE,0.490829053558327,1363,4.106950560175
"208","ENSDARG00000002986","gda",-0.511566309420883,4.17447827659969,15.5582317919633,8.00025487241289e-05,0.00746023766852502,TRUE,0.401550387596899,1935,-4.09689617701814
"209","ENSDARG00000051880","kcnj11",-0.617824686366016,1.98664260776748,15.5235329380619,8.14844997356495e-05,0.00756207347785961,TRUE,0.525305410122164,1146,-4.08892499640722
"210","ENSDARG00000095665","si:ch211-191a16.2",-0.517104122366412,3.04662292654556,15.478330190519,8.34565683887654e-05,0.00770497394863132,TRUE,0.414303986356854,3127,-4.07853947680695
"211","ENSDARG00000008982","casq2",-0.39234994900852,5.07944560187199,15.4701441841356,8.38188030089301e-05,0.00770497394863132,TRUE,0.410426871938418,2858,-4.07665854548653
"212","ENSDARG00000109686","si:ch211-59p23.1",0.700831944143155,1.64564166019211,15.4474842715558,8.48297863547249e-05,0.00776112517045398,TRUE,0.415176797775129,2517,4.07145162677508
"213","ENSDARG00000062943","taco1",-0.621961455339995,2.26834115384921,15.4226065381545,8.59538543789811e-05,0.00780016809426425,TRUE,0.464905660377358,1325,-4.06573464372399
"214","ENSDARG00000091260","mylk4a",-0.446784673460212,4.81419604811898,15.4202559201408,8.60608358513379e-05,0.00780016809426425,TRUE,0.509556313993174,1465,-4.06519444022115
"215","ENSDARG00000076830","si:dkey-65b12.6",-0.788066158680798,2.53183869725124,15.3535474949226,8.9153372926258e-05,0.00802575846109379,TRUE,0.443793698356488,3671,-4.04986222157947
"216","ENSDARG00000011072","ddx11",-0.694407306032128,0.697337409985762,15.3476988109213,8.94297868593373e-05,0.00802575846109379,TRUE,0.470327583478398,3160,-4.04851780431339
"217","ENSDARG00000004232","dlb",-0.519449361765594,2.48328399501195,15.3351162188521,9.00273779088156e-05,0.00802575846109379,TRUE,0.470181503889369,1736,-4.04562539870938
"218","ENSDARG00000090232","clpb",0.416003231748145,5.39315577257706,15.3313933935183,9.02049569250591e-05,0.00802575846109379,TRUE,0.421694691724365,3033,4.04476959653732
"219","ENSDARG00000051879","abcc8",0.387415736426332,5.10916822470688,15.3043301156648,9.15065156280517e-05,0.00810438528366069,TRUE,0.489268322010461,4158,4.03854798133723
"220","ENSDARG00000059367","mfap2",-0.483629305484819,3.16076149178942,15.232438141532,9.50565551989991e-05,0.00838053156654448,TRUE,0.428351309707242,1298,-4.02201792836625
"221","ENSDARG00000099873","zgc:163083",-0.717515863166841,1.08363831433228,15.1536455382406,9.91067711412889e-05,0.00869807662016488,TRUE,0.471910112359551,801,-4.00389667277164
"222","ENSDARG00000042285","atp8b3",-0.521420620442634,2.26489587558962,15.1280869673883,0.000100457528437137,0.00877691090795814,TRUE,0.444934579439252,6688,-3.99801751101936
"223","ENSDARG00000094045","si:dkeyp-73d8.8",-1.08137903364702,1.80832619026364,15.1106329769888,0.000101390594450431,0.0088186691531429,TRUE,0.388101983002833,706,-3.99400233068054
"224","ENSDARG00000093402","si:dkey-286j17.4",-1.09498732548609,2.22211172344167,15.1021948479354,0.000101844807707981,0.0088186691531429,TRUE,0.396072904321086,3122,-3.99206110747141
"225","ENSDARG00000011998","bfsp2",0.445956606308638,7.58731234014098,15.0013547043811,0.000107434025389012,0.00926129047309008,TRUE,0.480397022332506,2015,3.96885815161197
"226","ENSDARG00000058799","CU468918.1",-0.596448577614752,2.70107460807224,14.974272594745,0.000108987001726803,0.00933678980348856,TRUE,0.481073134876884,1814,-3.96262529485698
"227","ENSDARG00000035018","thy1",-0.506521275643026,2.62392544603688,14.9693344565654,0.000109272596689622,0.00933678980348856,TRUE,0.451746595618709,844,-3.96148873648245
"228","ENSDARG00000095559","si:dkey-246j7.1",-0.60871651450017,1.17505390491372,14.9555420895538,0.000110074268261429,0.00935814082458758,TRUE,0.39385775862069,928,-3.95831419290982
"229","ENSDARG00000087994","si:ch211-114c17.1",0.611127504032464,2.59634763138955,14.9484732227188,0.000110487432915578,0.00935814082458758,TRUE,0.503612211605686,2146,3.95668711678247
"230","ENSDARG00000078425","oat",-0.58004029360688,5.40979146804088,14.8694514296464,0.000115213780117805,0.00971602817028238,TRUE,0.424651438742213,3371,-3.93849557411408
"231","ENSDARG00000054746","uggt1",-0.461927113149419,3.76033508969588,14.8560277139616,0.000116036650482988,0.00974306005527286,TRUE,0.432903799155743,6752,-3.9354048160444
